bay_code,SpCode,carapace_width_mm,sex,pri.key,sec_key,otter_density
NFEI,CRABDUN,72,M,CRABDUN.20,NFEI.20,0.52950076
REFU,CRABDUN,174,M,CRABDUN.20,REFU.20,0
BLAQ,CRABDUN,69,M,CRABDUN.20,BLAQ.20,2.402196294
SALA,CRABDUN,60,M,CRABDUN.17,SALA.17,7.05
SALA,CRABDUN,88,M,CRABDUN.17,SALA.17,7.05
SALA,CRABDUN,80,M,CRABDUN.17,SALA.17,7.05
SALA,CRABDUN,56,M,CRABDUN.17,SALA.17,7.05
SALA,CRABDUN,88,F,CRABDUN.17,SALA.17,7.05
SALA,CRABDUN,48,F,CRABDUN.17,SALA.17,7.05
SALA,CRABDUN,62,M,CRABDUN.17,SALA.17,7.05
NOSK,CRABDUN,52,M,CRABDUN.17,NOSK.17,6.142857143
NOSK,CRABDUN,58,M,CRABDUN.17,NOSK.17,6.142857143
NOSK,CRABDUN,54,M,CRABDUN.17,NOSK.17,6.142857143
CHUS,CRABDUN,54,F,CRABDUN.17,CHUS.17,3.433333334
CHUS,CRABDUN,51,M,CRABDUN.17,CHUS.17,3.433333334
KAGK,CRABDUN,49,M,CRABDUN.17,KAGK.17,6.0625
KAGK,CRABDUN,44,M,CRABDUN.17,KAGK.17,6.0625
KAGK,CRABDUN,54,F,CRABDUN.17,KAGK.17,6.0625
KAGK,CRABDUN,45,F,CRABDUN.17,KAGK.17,6.0625
NAUK,CRABDUN,71,U,CRABDUN.17,NAUK.17,2.038461539
NAUK,CRABDUN,50,M,CRABDUN.17,NAUK.17,2.038461539
NAUK,CRABDUN,41,M,CRABDUN.17,NAUK.17,2.038461539
NAUK,CRABDUN,52,M,CRABDUN.17,NAUK.17,2.038461539
NAUK,CRABDUN,55,F,CRABDUN.17,NAUK.17,2.038461539
NAUK,CRABDUN,56,M,CRABDUN.17,NAUK.17,2.038461539
NAUK,CRABDUN,50,F,CRABDUN.17,NAUK.17,2.038461539
NAUK,CRABDUN,45,F,CRABDUN.17,NAUK.17,2.038461539
NAUK,CRABDUN,73,M,CRABDUN.17,NAUK.17,2.038461539
NAUK,CRABDUN,47,M,CRABDUN.17,NAUK.17,2.038461539
GUKT,CRABDUN,59,M,CRABDUN.17,GUKT.17,7.4
BLAQ,CRABDUN,60,M,CRABDUN.17,BLAQ.17,2.96875
BLAQ,CRABDUN,61,F,CRABDUN.17,BLAQ.17,2.96875
BLAQ,CRABDUN,54,M,CRABDUN.17,BLAQ.17,2.96875
BLAQ,CRABDUN,66,F,CRABDUN.17,BLAQ.17,2.96875
BLAQ,CRABDUN,49,M,CRABDUN.17,BLAQ.17,2.96875
SODA,CRABDUN,58,M,CRABDUN.17,SODA.17,1.115384615
SODA,CRABDUN,37,M,CRABDUN.17,SODA.17,1.115384615
SODA,CRABDUN,37,M,CRABDUN.17,SODA.17,1.115384615
SODA,CRABDUN,45,M,CRABDUN.17,SODA.17,1.115384615
SODA,CRABDUN,55,F,CRABDUN.17,SODA.17,1.115384615
SODA,CRABDUN,40,M,CRABDUN.17,SODA.17,1.115384615
SODA,CRABDUN,63,F,CRABDUN.17,SODA.17,1.115384615
SODA,CRABDUN,55,M,CRABDUN.17,SODA.17,1.115384615
SODA,CRABDUN,76,M,CRABDUN.17,SODA.17,1.115384615
SODA,CRABDUN,54,F,CRABDUN.17,SODA.17,1.115384615
SODA,CRABDUN,41,F,CRABDUN.17,SODA.17,1.115384615
SODA,CRABDUN,50,F,CRABDUN.17,SODA.17,1.115384615
GOAT,CRABDUN,81,M,CRABDUN.17,GOAT.17,0
GOAT,CRABDUN,58,M,CRABDUN.17,GOAT.17,0
GOAT,CRABDUN,62,M,CRABDUN.17,GOAT.17,0
GOAT,CRABDUN,82,M,CRABDUN.17,GOAT.17,0
GOAT,CRABDUN,86,M,CRABDUN.17,GOAT.17,0
NPAS,CRABDUN,158,F,CRABDUN.17,NPAS.17,0
NPAS,CRABDUN,90,M,CRABDUN.17,NPAS.17,0
NPAS,CRABDUN,76,M,CRABDUN.17,NPAS.17,0
NPAS,CRABDUN,90,M,CRABDUN.17,NPAS.17,0
NPAS,CRABDUN,88,M,CRABDUN.17,NPAS.17,0
NPAS,CRABDUN,86,M,CRABDUN.17,NPAS.17,0
NATZ,CRABDUN,89,M,CRABDUN.17,NATZ.17,0
NATZ,CRABDUN,57,M,CRABDUN.17,NATZ.17,0
NATZ,CRABDUN,180,F,CRABDUN.17,NATZ.17,0
NATZ,CRABDUN,40,M,CRABDUN.17,NATZ.17,0
NATZ,CRABDUN,89,M,CRABDUN.17,NATZ.17,0
DUNB,CRABDUN,75,M,CRABDUN.17,DUNB.17,0.090909091
DUNB,CRABDUN,101,M,CRABDUN.17,DUNB.17,0.090909091
DUNB,CRABDUN,119,M,CRABDUN.17,DUNB.17,0.090909091
DUNB,CRABDUN,84,M,CRABDUN.17,DUNB.17,0.090909091
DUNB,CRABDUN,71,M,CRABDUN.17,DUNB.17,0.090909091
DUNB,CRABDUN,75,M,CRABDUN.17,DUNB.17,0.090909091
DUNB,CRABDUN,74,F,CRABDUN.17,DUNB.17,0.090909091
DUNB,CRABDUN,80,F,CRABDUN.17,DUNB.17,0.090909091
DUNB,CRABDUN,76,F,CRABDUN.17,DUNB.17,0.090909091
DUNB,CRABDUN,78,M,CRABDUN.17,DUNB.17,0.090909091
DUNB,CRABDUN,79,M,CRABDUN.17,DUNB.17,0.090909091
DUNB,CRABDUN,51,M,CRABDUN.17,DUNB.17,0.090909091
DUNB,CRABDUN,71,F,CRABDUN.17,DUNB.17,0.090909091
FARA,CRABDUN,80,M,CRABDUN.17,FARA.17,0
FARA,CRABDUN,85,M,CRABDUN.17,FARA.17,0
FARA,CRABDUN,79,M,CRABDUN.17,FARA.17,0
FARA,CRABDUN,78,M,CRABDUN.17,FARA.17,0
HETA,CRABDUN,106,M,CRABDUN.17,HETA.17,0
HETA,CRABDUN,65,M,CRABDUN.17,HETA.17,0
HETA,CRABDUN,86,F,CRABDUN.17,HETA.17,0
HETA,CRABDUN,60,F,CRABDUN.17,HETA.17,0
HETA,CRABDUN,80,M,CRABDUN.17,HETA.17,0
HETA,CRABDUN,78,M,CRABDUN.17,HETA.17,0
SWAD,CRABDUN,95,M,CRABDUN.17,SWAD.17,0.452380953
SWAD,CRABDUN,73,F,CRABDUN.17,SWAD.17,0.452380953
SHIN,CRABDUN,59,F,CRABDUN.17,SHIN.17,3.692307692
SHIN,CRABDUN,65,M,CRABDUN.17,SHIN.17,3.692307692
SHIN,CRABDUN,89,M,CRABDUN.17,SHIN.17,3.692307692
SHIN,CRABDUN,71,M,CRABDUN.17,SHIN.17,3.692307692
SHIN,CRABDUN,58,M,CRABDUN.17,SHIN.17,3.692307692
GARC,CRABDUN,40,F,CRABDUN.17,GARC.17,1.466666667
GARC,CRABDUN,61,M,CRABDUN.17,GARC.17,1.466666667
GARC,CRABDUN,62,M,CRABDUN.17,GARC.17,1.466666667
GARC,CRABDUN,41,F,CRABDUN.17,GARC.17,1.466666667
GARC,CRABDUN,70,M,CRABDUN.17,GARC.17,1.466666667
GARC,CRABDUN,55,M,CRABDUN.17,GARC.17,1.466666667
GARC,CRABDUN,46,F,CRABDUN.17,GARC.17,1.466666667
GARC,CRABDUN,66,M,CRABDUN.17,GARC.17,1.466666667
GARC,CRABDUN,77,M,CRABDUN.17,GARC.17,1.466666667
GARC,CRABDUN,69,M,CRABDUN.17,GARC.17,1.466666667
GARC,CRABDUN,57,F,CRABDUN.17,GARC.17,1.466666667
REFU,CRABDUN,155,M,CRABDUN.17,REFU.17,0.083333334
GUKT,CRABDUN,51,M,CRABDUN.18,GUKT.18,10.68427371
GUKT,CRABDUN,56,M,CRABDUN.18,GUKT.18,10.68427371
GUKT,CRABDUN,51,M,CRABDUN.18,GUKT.18,10.68427371
NOSK,CRABDUN,69,M,CRABDUN.18,NOSK.18,3.436157751
NOSK,CRABDUN,61,M,CRABDUN.18,NOSK.18,3.436157751
NOSK,CRABDUN,54,M,CRABDUN.18,NOSK.18,3.436157751
NOSK,CRABDUN,56,M,CRABDUN.18,NOSK.18,3.436157751
NOSK,CRABDUN,60,M,CRABDUN.18,NOSK.18,3.436157751
NOSK,CRABDUN,60,F,CRABDUN.18,NOSK.18,3.436157751
NOSK,CRABDUN,65,M,CRABDUN.18,NOSK.18,3.436157751
NOSK,CRABDUN,57,M,CRABDUN.18,NOSK.18,3.436157751
NOSK,CRABDUN,65,M,CRABDUN.18,NOSK.18,3.436157751
NOSK,CRABDUN,55,M,CRABDUN.18,NOSK.18,3.436157751
NOSK,CRABDUN,60,M,CRABDUN.18,NOSK.18,3.436157751
NOSK,CRABDUN,60,M,CRABDUN.18,NOSK.18,3.436157751
NOSK,CRABDUN,51,F,CRABDUN.18,NOSK.18,3.436157751
NOSK,CRABDUN,56,M,CRABDUN.18,NOSK.18,3.436157751
NOSK,CRABDUN,55,F,CRABDUN.18,NOSK.18,3.436157751
NOSK,CRABDUN,64,M,CRABDUN.18,NOSK.18,3.436157751
NOSK,CRABDUN,63,M,CRABDUN.18,NOSK.18,3.436157751
NOSK,CRABDUN,58,M,CRABDUN.18,NOSK.18,3.436157751
NOSK,CRABDUN,51,M,CRABDUN.18,NOSK.18,3.436157751
NOSK,CRABDUN,48,F,CRABDUN.18,NOSK.18,3.436157751
NOSK,CRABDUN,59,M,CRABDUN.18,NOSK.18,3.436157751
NOSK,CRABDUN,55,M,CRABDUN.18,NOSK.18,3.436157751
NOSK,CRABDUN,53,M,CRABDUN.18,NOSK.18,3.436157751
NOSK,CRABDUN,59,M,CRABDUN.18,NOSK.18,3.436157751
NOSK,CRABDUN,50,F,CRABDUN.18,NOSK.18,3.436157751
NOSK,CRABDUN,57,M,CRABDUN.18,NOSK.18,3.436157751
NOSK,CRABDUN,60,M,CRABDUN.18,NOSK.18,3.436157751
NOSK,CRABDUN,56,M,CRABDUN.18,NOSK.18,3.436157751
KAGK,CRABDUN,67,M,CRABDUN.18,KAGK.18,10.67457376
KAGK,CRABDUN,52,M,CRABDUN.18,KAGK.18,10.67457376
KAGK,CRABDUN,60,M,CRABDUN.18,KAGK.18,10.67457376
KAGK,CRABDUN,64,M,CRABDUN.18,KAGK.18,10.67457376
NPAS,CRABDUN,163,M,CRABDUN.18,NPAS.18,0
NPAS,CRABDUN,68,F,CRABDUN.18,NPAS.18,0
NPAS,CRABDUN,98,M,CRABDUN.18,NPAS.18,0
NATZ,CRABDUN,33,M,CRABDUN.18,NATZ.18,0
NATZ,CRABDUN,90,M,CRABDUN.18,NATZ.18,0
FARA,CRABDUN,127,M,CRABDUN.19,FARA.19,0.066889632
FARA,CRABDUN,138,M,CRABDUN.19,FARA.19,0.066889632
GARC,CRABDUN,76,F,CRABDUN.19,GARC.19,1.866404715
GARC,CRABDUN,90,F,CRABDUN.19,GARC.19,1.866404715
KAGK,CRABDUN,79,M,CRABDUN.19,KAGK.19,26.8401487
KAGK,CRABDUN,91,M,CRABDUN.19,KAGK.19,26.8401487
NATZ,CRABDUN,170,F,CRABDUN.19,NATZ.19,0
NATZ,CRABDUN,178,M,CRABDUN.19,NATZ.19,0
NAUK,CRABDUN,57,F,CRABDUN.19,NAUK.19,3.32047627
REFU,CRABDUN,73,M,CRABDUN.19,REFU.19,0.099206349
REFU,CRABDUN,96,M,CRABDUN.19,REFU.19,0.099206349
REFU,CRABDUN,100,M,CRABDUN.19,REFU.19,0.099206349
REFU,CRABDUN,102,F,CRABDUN.19,REFU.19,0.099206349
REFU,CRABDUN,104,F,CRABDUN.19,REFU.19,0.099206349
REFU,CRABDUN,111,M,CRABDUN.19,REFU.19,0.099206349
REFU,CRABDUN,114,M,CRABDUN.19,REFU.19,0.099206349
DUNB,CRABGRA,59,F,CRABGRA.20,DUNB.20,0.066889632
DUNB,CRABGRA,60,F,CRABGRA.20,DUNB.20,0.066889632
DUNB,CRABGRA,69,M,CRABGRA.20,DUNB.20,0.066889632
GOATS,CRABGRA,46,F,CRABGRA.20,GOATS.20,0.056963828
GOATS,CRABGRA,47,F,CRABGRA.20,GOATS.20,0.056963828
GOATS,CRABGRA,72,M,CRABGRA.20,GOATS.20,0.056963828
GOATS,CRABGRA,65,M,CRABGRA.20,GOATS.20,0.056963828
GOATS,CRABGRA,80,M,CRABGRA.20,GOATS.20,0.056963828
GOATS,CRABGRA,79,M,CRABGRA.20,GOATS.20,0.056963828
GOATS,CRABGRA,75,M,CRABGRA.20,GOATS.20,0.056963828
SHIN,CRABGRA,68,M,CRABGRA.20,SHIN.20,2.847843775
SHIN,CRABGRA,77,M,CRABGRA.20,SHIN.20,2.847843775
SHIN,CRABGRA,55,F,CRABGRA.20,SHIN.20,2.847843775
SHIN,CRABGRA,71,M,CRABGRA.20,SHIN.20,2.847843775
SHIN,CRABGRA,57,M,CRABGRA.20,SHIN.20,2.847843775
SHIN,CRABGRA,61,F,CRABGRA.20,SHIN.20,2.847843775
SHIN,CRABGRA,52,F,CRABGRA.20,SHIN.20,2.847843775
NPASS,CRABGRA,82,M,CRABGRA.20,NPAS.20,0
NPASS,CRABGRA,82,M,CRABGRA.20,NPAS.20,0
SODA,CRABGRA,69,M,CRABGRA.20,SODA.20,2.854150301
SODA,CRABGRA,64,F,CRABGRA.20,SODA.20,2.854150301
SODA,CRABGRA,68,M,CRABGRA.20,SODA.20,2.854150301
SODA,CRABGRA,76,M,CRABGRA.20,SODA.20,2.854150301
SODA,CRABGRA,67,M,CRABGRA.20,SODA.20,2.854150301
SODA,CRABGRA,43,F,CRABGRA.20,SODA.20,2.854150301
SODA,CRABGRA,80,M,CRABGRA.20,SODA.20,2.854150301
SODA,CRABGRA,67,M,CRABGRA.20,SODA.20,2.854150301
SODA,CRABGRA,74,M,CRABGRA.20,SODA.20,2.854150301
SODA,CRABGRA,92,M,CRABGRA.20,SODA.20,2.854150301
SODA,CRABGRA,62,F,CRABGRA.20,SODA.20,2.854150301
FARA,CRABGRA,94,M,CRABGRA.20,FARA.20,0.242277408
FARA,CRABGRA,113,M,CRABGRA.20,FARA.20,0.242277408
FARA,CRABGRA,89,M,CRABGRA.20,FARA.20,0.242277408
REFU,CRABGRA,75,F,CRABGRA.20,REFU.20,0
REFU,CRABGRA,77,M,CRABGRA.20,REFU.20,0
SFEI,CRABGRA,65,F,CRABGRA.20,SFEI.20,1.322525597
NAUK,CRABGRA,41,M,CRABGRA.20,NAUK.20,3.752886836
NAUK,CRABGRA,47,F,CRABGRA.20,NAUK.20,3.752886836
CHUS,CRABGRA,53,M,CRABGRA.20,CHUS.20,10.96354903
CHUS,CRABGRA,56,M,CRABGRA.20,CHUS.20,10.96354903
CHUS,CRABGRA,47,M,CRABGRA.20,CHUS.20,10.96354903
CHUS,CRABGRA,44,M,CRABGRA.20,CHUS.20,10.96354903
KAGK,CRABGRA,45,F,CRABGRA.20,KAGK.20,10.4669524
KAGK,CRABGRA,68,M,CRABGRA.20,KAGK.20,10.4669524
SALA,CRABGRA,65,F,CRABGRA.20,SALA.20,2.813943721
SALA,CRABGRA,61,M,CRABGRA.20,SALA.20,2.813943721
SALA,CRABGRA,54,M,CRABGRA.20,SALA.20,2.813943721
SALA,CRABGRA,54,M,CRABGRA.20,SALA.20,2.813943721
SALA,CRABGRA,65,M,CRABGRA.20,SALA.20,2.813943721
SALA,CRABGRA,64,M,CRABGRA.20,SALA.20,2.813943721
SALA,CRABGRA,71,M,CRABGRA.20,SALA.20,2.813943721
SALA,CRABGRA,64,F,CRABGRA.20,SALA.20,2.813943721
GUKT,CRABGRA,43,F,CRABGRA.20,GUKT.20,25.70356473
GUKT,CRABGRA,54,M,CRABGRA.20,GUKT.20,25.70356473
GUKT,CRABGRA,66,M,CRABGRA.20,GUKT.20,25.70356473
HECA,CRABGRA,48,M,CRABGRA.20,HECA.20,3.568773234
HECA,CRABGRA,57,M,CRABGRA.20,HECA.20,3.568773234
HECA,CRABGRA,54,M,CRABGRA.20,HECA.20,3.568773234
HECA,CRABGRA,39,M,CRABGRA.20,HECA.20,3.568773234
HECA,CRABGRA,57,M,CRABGRA.20,HECA.20,3.568773234
NOSK,CRABGRA,54,M,CRABGRA.20,NOSK.20,2.876984127
NOSK,CRABGRA,52,M,CRABGRA.20,NOSK.20,2.876984127
NOSK,CRABGRA,56,M,CRABGRA.20,NOSK.20,2.876984127
NOSK,CRABGRA,69,M,CRABGRA.20,NOSK.20,2.876984127
NOSK,CRABGRA,69,M,CRABGRA.20,NOSK.20,2.876984127
NOSK,CRABGRA,56,M,CRABGRA.20,NOSK.20,2.876984127
NOSK,CRABGRA,57,M,CRABGRA.20,NOSK.20,2.876984127
NOSK,CRABGRA,53,M,CRABGRA.20,NOSK.20,2.876984127
GUKT,CRABGRA,60,M,CRABGRA.17,GUKT.17,7.4
GUKT,CRABGRA,52,F,CRABGRA.17,GUKT.17,7.4
GUKT,CRABGRA,47,F,CRABGRA.17,GUKT.17,7.4
GUKT,CRABGRA,57,F,CRABGRA.17,GUKT.17,7.4
TROC,CRABGRA,60,M,CRABGRA.17,TROC.17,0.041666667
TROC,CRABGRA,69,M,CRABGRA.17,TROC.17,0.041666667
REFU,CRABGRA,66,M,CRABGRA.17,REFU.17,0.083333334
REFU,CRABGRA,73,M,CRABGRA.17,REFU.17,0.083333334
REFU,CRABGRA,64,F,CRABGRA.17,REFU.17,0.083333334
REFU,CRABGRA,99,M,CRABGRA.17,REFU.17,0.083333334
REFU,CRABGRA,80,M,CRABGRA.17,REFU.17,0.083333334
REFU,CRABGRA,61,F,CRABGRA.17,REFU.17,0.083333334
REFU,CRABGRA,73,M,CRABGRA.17,REFU.17,0.083333334
REFU,CRABGRA,70,M,CRABGRA.17,REFU.17,0.083333334
REFU,CRABGRA,49,F,CRABGRA.17,REFU.17,0.083333334
REFU,CRABGRA,81,U,CRABGRA.17,REFU.17,0.083333334
REFU,CRABGRA,83,M,CRABGRA.17,REFU.17,0.083333334
REFU,CRABGRA,71,F,CRABGRA.17,REFU.17,0.083333334
REFU,CRABGRA,94,M,CRABGRA.17,REFU.17,0.083333334
NPAS,CRABGRA,80,F,CRABGRA.18,NPAS.18,0
BLAQ,CRABGRA,56,M,CRABGRA.19,BLAQ.19,1.066552901
DUNB,CRABGRA,64,F,CRABGRA.19,DUNB.19,0.169539418
DUNB,CRABGRA,64,F,CRABGRA.19,DUNB.19,0.169539418
DUNB,CRABGRA,67,M,CRABGRA.19,DUNB.19,0.169539418
DUNB,CRABGRA,67,F,CRABGRA.19,DUNB.19,0.169539418
DUNB,CRABGRA,69,F,CRABGRA.19,DUNB.19,0.169539418
DUNB,CRABGRA,69,M,CRABGRA.19,DUNB.19,0.169539418
DUNB,CRABGRA,70,M,CRABGRA.19,DUNB.19,0.169539418
DUNB,CRABGRA,70,M,CRABGRA.19,DUNB.19,0.169539418
DUNB,CRABGRA,71,M,CRABGRA.19,DUNB.19,0.169539418
DUNB,CRABGRA,71,F,CRABGRA.19,DUNB.19,0.169539418
DUNB,CRABGRA,71,M,CRABGRA.19,DUNB.19,0.169539418
DUNB,CRABGRA,71,M,CRABGRA.19,DUNB.19,0.169539418
DUNB,CRABGRA,71,M,CRABGRA.19,DUNB.19,0.169539418
DUNB,CRABGRA,72,F,CRABGRA.19,DUNB.19,0.169539418
DUNB,CRABGRA,77,F,CRABGRA.19,DUNB.19,0.169539418
DUNB,CRABGRA,77,M,CRABGRA.19,DUNB.19,0.169539418
DUNB,CRABGRA,78,M,CRABGRA.19,DUNB.19,0.169539418
DUNB,CRABGRA,79,M,CRABGRA.19,DUNB.19,0.169539418
DUNB,CRABGRA,79,M,CRABGRA.19,DUNB.19,0.169539418
DUNB,CRABGRA,80,M,CRABGRA.19,DUNB.19,0.169539418
DUNB,CRABGRA,80,M,CRABGRA.19,DUNB.19,0.169539418
DUNB,CRABGRA,89,M,CRABGRA.19,DUNB.19,0.169539418
DUNB,CRABGRA,90,M,CRABGRA.19,DUNB.19,0.169539418
FARA,CRABGRA,80,M,CRABGRA.19,FARA.19,0.066889632
FARA,CRABGRA,81,M,CRABGRA.19,FARA.19,0.066889632
GARC,CRABGRA,69,M,CRABGRA.19,GARC.19,1.866404715
GARC,CRABGRA,69,M,CRABGRA.19,GARC.19,1.866404715
GARC,CRABGRA,71,M,CRABGRA.19,GARC.19,1.866404715
GARC,CRABGRA,76,M,CRABGRA.19,GARC.19,1.866404715
GOAT,CRABGRA,46,M,CRABGRA.19,GOAT.19,0.363416111
GOAT,CRABGRA,50,M,CRABGRA.19,GOAT.19,0.363416111
GOAT,CRABGRA,51,F,CRABGRA.19,GOAT.19,0.363416111
GOAT,CRABGRA,56,M,CRABGRA.19,GOAT.19,0.363416111
GOAT,CRABGRA,57,M,CRABGRA.19,GOAT.19,0.363416111
GOAT,CRABGRA,60,M,CRABGRA.19,GOAT.19,0.363416111
GOAT,CRABGRA,67,M,CRABGRA.19,GOAT.19,0.363416111
GOAT,CRABGRA,69,M,CRABGRA.19,GOAT.19,0.363416111
GOAT,CRABGRA,71,M,CRABGRA.19,GOAT.19,0.363416111
GOAT,CRABGRA,75,M,CRABGRA.19,GOAT.19,0.363416111
GOAT,CRABGRA,NA,NA,CRABGRA.19,GOAT.19,0.363416111
GUKT,CRABGRA,40,M,CRABGRA.19,GUKT.19,19.48162917
KAGK,CRABGRA,51,M,CRABGRA.19,KAGK.19,26.8401487
KAGK,CRABGRA,62,M,CRABGRA.19,KAGK.19,26.8401487
KAGK,CRABGRA,63,M,CRABGRA.19,KAGK.19,26.8401487
KAGK,CRABGRA,64,M,CRABGRA.19,KAGK.19,26.8401487
KAGK,CRABGRA,74,M,CRABGRA.19,KAGK.19,26.8401487
KAGK,CRABGRA,77,M,CRABGRA.19,KAGK.19,26.8401487
KAGK,CRABGRA,77,M,CRABGRA.19,KAGK.19,26.8401487
KAGK,CRABGRA,80,M,CRABGRA.19,KAGK.19,26.8401487
NATZ,CRABGRA,76,M,CRABGRA.19,NATZ.19,0
NATZ,CRABGRA,79,M,CRABGRA.19,NATZ.19,0
NATZ,CRABGRA,80,M,CRABGRA.19,NATZ.19,0
NATZ,CRABGRA,81,M,CRABGRA.19,NATZ.19,0
NATZ,CRABGRA,83,M,CRABGRA.19,NATZ.19,0
NATZ,CRABGRA,85,M,CRABGRA.19,NATZ.19,0
NATZ,CRABGRA,87,M,CRABGRA.19,NATZ.19,0
NATZ,CRABGRA,89,M,CRABGRA.19,NATZ.19,0
NATZ,CRABGRA,89,M,CRABGRA.19,NATZ.19,0
NATZ,CRABGRA,91,M,CRABGRA.19,NATZ.19,0
NATZ,CRABGRA,93,M,CRABGRA.19,NATZ.19,0
NATZ,CRABGRA,94,M,CRABGRA.19,NATZ.19,0
NATZ,CRABGRA,95,M,CRABGRA.19,NATZ.19,0
NATZ,CRABGRA,97,M,CRABGRA.19,NATZ.19,0
NATZ,CRABGRA,98,M,CRABGRA.19,NATZ.19,0
NATZ,CRABGRA,99,M,CRABGRA.19,NATZ.19,0
NAUK,CRABGRA,45,M,CRABGRA.19,NAUK.19,3.32047627
NFEI,CRABGRA,81,M,CRABGRA.19,NFEI.19,0.750577367
NOSK,CRABGRA,47,F,CRABGRA.19,NOSK.19,2.882742501
NOSK,CRABGRA,51,M,CRABGRA.19,NOSK.19,2.882742501
NOSK,CRABGRA,56,M,CRABGRA.19,NOSK.19,2.882742501
NOSK,CRABGRA,57,M,CRABGRA.19,NOSK.19,2.882742501
NOSK,CRABGRA,57,M,CRABGRA.19,NOSK.19,2.882742501
NOSK,CRABGRA,59,M,CRABGRA.19,NOSK.19,2.882742501
NOSK,CRABGRA,61,M,CRABGRA.19,NOSK.19,2.882742501
NOSK,CRABGRA,62,F,CRABGRA.19,NOSK.19,2.882742501
NOSK,CRABGRA,63,M,CRABGRA.19,NOSK.19,2.882742501
NOSK,CRABGRA,65,M,CRABGRA.19,NOSK.19,2.882742501
NOSK,CRABGRA,66,M,CRABGRA.19,NOSK.19,2.882742501
NOSK,CRABGRA,66,M,CRABGRA.19,NOSK.19,2.882742501
NOSK,CRABGRA,66,M,CRABGRA.19,NOSK.19,2.882742501
NOSK,CRABGRA,66,M,CRABGRA.19,NOSK.19,2.882742501
NOSK,CRABGRA,67,F,CRABGRA.19,NOSK.19,2.882742501
NOSK,CRABGRA,68,M,CRABGRA.19,NOSK.19,2.882742501
NOSK,CRABGRA,68,M,CRABGRA.19,NOSK.19,2.882742501
NOSK,CRABGRA,69,M,CRABGRA.19,NOSK.19,2.882742501
NOSK,CRABGRA,69,M,CRABGRA.19,NOSK.19,2.882742501
NOSK,CRABGRA,69,M,CRABGRA.19,NOSK.19,2.882742501
NOSK,CRABGRA,70,F,CRABGRA.19,NOSK.19,2.882742501
NOSK,CRABGRA,70,M,CRABGRA.19,NOSK.19,2.882742501
NOSK,CRABGRA,70,M,CRABGRA.19,NOSK.19,2.882742501
NOSK,CRABGRA,70,M,CRABGRA.19,NOSK.19,2.882742501
NOSK,CRABGRA,71,M,CRABGRA.19,NOSK.19,2.882742501
NOSK,CRABGRA,71,M,CRABGRA.19,NOSK.19,2.882742501
NOSK,CRABGRA,71,M,CRABGRA.19,NOSK.19,2.882742501
NOSK,CRABGRA,73,M,CRABGRA.19,NOSK.19,2.882742501
NOSK,CRABGRA,73,M,CRABGRA.19,NOSK.19,2.882742501
NOSK,CRABGRA,75,M,CRABGRA.19,NOSK.19,2.882742501
NOSK,CRABGRA,76,F,CRABGRA.19,NOSK.19,2.882742501
NPAS,CRABGRA,65,F,CRABGRA.19,NPAS.19,0
NPAS,CRABGRA,65,F,CRABGRA.19,NPAS.19,0
NPAS,CRABGRA,69,F,CRABGRA.19,NPAS.19,0
NPAS,CRABGRA,69,M,CRABGRA.19,NPAS.19,0
NPAS,CRABGRA,70,F,CRABGRA.19,NPAS.19,0
NPAS,CRABGRA,71,M,CRABGRA.19,NPAS.19,0
NPAS,CRABGRA,72,M,CRABGRA.19,NPAS.19,0
NPAS,CRABGRA,73,F,CRABGRA.19,NPAS.19,0
NPAS,CRABGRA,74,F,CRABGRA.19,NPAS.19,0
NPAS,CRABGRA,75,M,CRABGRA.19,NPAS.19,0
NPAS,CRABGRA,76,M,CRABGRA.19,NPAS.19,0
NPAS,CRABGRA,78,F,CRABGRA.19,NPAS.19,0
NPAS,CRABGRA,78,M,CRABGRA.19,NPAS.19,0
NPAS,CRABGRA,78,M,CRABGRA.19,NPAS.19,0
NPAS,CRABGRA,79,M,CRABGRA.19,NPAS.19,0
NPAS,CRABGRA,80,M,CRABGRA.19,NPAS.19,0
NPAS,CRABGRA,81,M,CRABGRA.19,NPAS.19,0
NPAS,CRABGRA,82,M,CRABGRA.19,NPAS.19,0
NPAS,CRABGRA,83,F,CRABGRA.19,NPAS.19,0
NPAS,CRABGRA,83,M,CRABGRA.19,NPAS.19,0
NPAS,CRABGRA,84,M,CRABGRA.19,NPAS.19,0
NPAS,CRABGRA,84,M,CRABGRA.19,NPAS.19,0
NPAS,CRABGRA,84,M,CRABGRA.19,NPAS.19,0
NPAS,CRABGRA,84,M,CRABGRA.19,NPAS.19,0
NPAS,CRABGRA,84,M,CRABGRA.19,NPAS.19,0
NPAS,CRABGRA,85,M,CRABGRA.19,NPAS.19,0
NPAS,CRABGRA,85,M,CRABGRA.19,NPAS.19,0
NPAS,CRABGRA,86,M,CRABGRA.19,NPAS.19,0
NPAS,CRABGRA,87,M,CRABGRA.19,NPAS.19,0
NPAS,CRABGRA,88,M,CRABGRA.19,NPAS.19,0
NPAS,CRABGRA,88,M,CRABGRA.19,NPAS.19,0
NPAS,CRABGRA,89,M,CRABGRA.19,NPAS.19,0
NPAS,CRABGRA,89,M,CRABGRA.19,NPAS.19,0
NPAS,CRABGRA,89,M,CRABGRA.19,NPAS.19,0
NPAS,CRABGRA,92,M,CRABGRA.19,NPAS.19,0
NPAS,CRABGRA,92,M,CRABGRA.19,NPAS.19,0
NPAS,CRABGRA,94,F,CRABGRA.19,NPAS.19,0
NPAS,CRABGRA,96,M,CRABGRA.19,NPAS.19,0
NPAS,CRABGRA,97,M,CRABGRA.19,NPAS.19,0
REFU,CRABGRA,64,F,CRABGRA.19,REFU.19,0.099206349
REFU,CRABGRA,70,M,CRABGRA.19,REFU.19,0.099206349
REFU,CRABGRA,71,M,CRABGRA.19,REFU.19,0.099206349
REFU,CRABGRA,75,M,CRABGRA.19,REFU.19,0.099206349
REFU,CRABGRA,76,M,CRABGRA.19,REFU.19,0.099206349
REFU,CRABGRA,77,M,CRABGRA.19,REFU.19,0.099206349
REFU,CRABGRA,77,M,CRABGRA.19,REFU.19,0.099206349
REFU,CRABGRA,79,M,CRABGRA.19,REFU.19,0.099206349
REFU,CRABGRA,81,M,CRABGRA.19,REFU.19,0.099206349
SALA,CRABGRA,61,F,CRABGRA.19,SALA.19,5.894250217
SALA,CRABGRA,62,M,CRABGRA.19,SALA.19,5.894250217
SALA,CRABGRA,63,M,CRABGRA.19,SALA.19,5.894250217
SALA,CRABGRA,69,M,CRABGRA.19,SALA.19,5.894250217
SALA,CRABGRA,72,M,CRABGRA.19,SALA.19,5.894250217
SFEI,CRABGRA,63,M,CRABGRA.19,SFEI.19,1.159479251
SFEI,CRABGRA,64,M,CRABGRA.19,SFEI.19,1.159479251
SFEI,CRABGRA,68,M,CRABGRA.19,SFEI.19,1.159479251
SFEI,CRABGRA,75,M,CRABGRA.19,SFEI.19,1.159479251
SFEI,CRABGRA,76,M,CRABGRA.19,SFEI.19,1.159479251
SHIN,CRABGRA,48,M,CRABGRA.19,SHIN.19,6.467870643
SHIN,CRABGRA,50,F,CRABGRA.19,SHIN.19,6.467870643
SHIN,CRABGRA,51,M,CRABGRA.19,SHIN.19,6.467870643
SHIN,CRABGRA,55,M,CRABGRA.19,SHIN.19,6.467870643
SHIN,CRABGRA,56,F,CRABGRA.19,SHIN.19,6.467870643
SHIN,CRABGRA,56,F,CRABGRA.19,SHIN.19,6.467870643
SHIN,CRABGRA,57,F,CRABGRA.19,SHIN.19,6.467870643
SHIN,CRABGRA,59,M,CRABGRA.19,SHIN.19,6.467870643
SHIN,CRABGRA,61,F,CRABGRA.19,SHIN.19,6.467870643
SHIN,CRABGRA,63,M,CRABGRA.19,SHIN.19,6.467870643
SHIN,CRABGRA,64,M,CRABGRA.19,SHIN.19,6.467870643
SHIN,CRABGRA,66,M,CRABGRA.19,SHIN.19,6.467870643
SHIN,CRABGRA,71,F,CRABGRA.19,SHIN.19,6.467870643
SHIN,CRABGRA,72,M,CRABGRA.19,SHIN.19,6.467870643
SHIN,CRABGRA,73,M,CRABGRA.19,SHIN.19,6.467870643
SHIN,CRABGRA,79,M,CRABGRA.19,SHIN.19,6.467870643
SODA,CRABGRA,48,F,CRABGRA.19,SODA.19,2.589134126
SODA,CRABGRA,57,F,CRABGRA.19,SODA.19,2.589134126
SODA,CRABGRA,57,F,CRABGRA.19,SODA.19,2.589134126
SODA,CRABGRA,71,M,CRABGRA.19,SODA.19,2.589134126
DUNB,CRABHEL,69,F,CRABHEL.20,DUNB.20,0.066889632
DUNB,CRABHEL,81,M,CRABHEL.20,DUNB.20,0.066889632
DUNB,CRABHEL,69,M,CRABHEL.20,DUNB.20,0.066889632
NATZ,CRABHEL,14,M,CRABHEL.20,NATZ.20,0
FARA,CRABHEL,88,NA,CRABHEL.20,FARA.20,0.242277408
NFEI,CRABHEL,54,M,CRABHEL.20,NFEI.20,0.529500756
BLAQ,CRABHEL,61,F,CRABHEL.20,BLAQ.20,2.402196294
BLAQ,CRABHEL,49,M,CRABHEL.20,BLAQ.20,2.402196294
GARC,CRABHEL,37,M,CRABHEL.20,GARC.20,6.237721022
CHUS,CRABHEL,57,F,CRABHEL.20,CHUS.20,10.96354903
KAGK,CRABHEL,59,F,CRABHEL.20,KAGK.20,10.4669524
KAGK,CRABHEL,67,M,CRABHEL.20,KAGK.20,10.4669524
KAGK,CRABHEL,67,F,CRABHEL.20,KAGK.20,10.4669524
HECA,CRABHEL,54,M,CRABHEL.20,HECA.20,3.568773234
NOSK,CRABHEL,57,M,CRABHEL.20,NOSK.20,2.876984127
NOSK,CRABHEL,65,M,CRABHEL.20,NOSK.20,2.876984127
NOSK,CRABHEL,62,F,CRABHEL.20,NOSK.20,2.876984127
NOSK,CRABHEL,45,F,CRABHEL.20,NOSK.20,2.876984127
SALA,CRABHEL,52,M,CRABHEL.17,SALA.17,7.05
SALA,CRABHEL,50,M,CRABHEL.17,SALA.17,7.05
SALA,CRABHEL,44,M,CRABHEL.17,SALA.17,7.05
SALA,CRABHEL,48,M,CRABHEL.17,SALA.17,7.05
SALA,CRABHEL,40,F,CRABHEL.17,SALA.17,7.05
SALA,CRABHEL,46,M,CRABHEL.17,SALA.17,7.05
SALA,CRABHEL,54,M,CRABHEL.17,SALA.17,7.05
SALA,CRABHEL,42,F,CRABHEL.17,SALA.17,7.05
SALA,CRABHEL,46,M,CRABHEL.17,SALA.17,7.05
SALA,CRABHEL,48,M,CRABHEL.17,SALA.17,7.05
SALA,CRABHEL,62,M,CRABHEL.17,SALA.17,7.05
SALA,CRABHEL,42,F,CRABHEL.17,SALA.17,7.05
SALA,CRABHEL,42,F,CRABHEL.17,SALA.17,7.05
SALA,CRABHEL,48,M,CRABHEL.17,SALA.17,7.05
SALA,CRABHEL,38,M,CRABHEL.17,SALA.17,7.05
SALA,CRABHEL,40,M,CRABHEL.17,SALA.17,7.05
SALA,CRABHEL,50,M,CRABHEL.17,SALA.17,7.05
SALA,CRABHEL,42,M,CRABHEL.17,SALA.17,7.05
SALA,CRABHEL,44,F,CRABHEL.17,SALA.17,7.05
NOSK,CRABHEL,50,M,CRABHEL.17,NOSK.17,6.142857143
NOSK,CRABHEL,48,M,CRABHEL.17,NOSK.17,6.142857143
NOSK,CRABHEL,52,M,CRABHEL.17,NOSK.17,6.142857143
NOSK,CRABHEL,40,M,CRABHEL.17,NOSK.17,6.142857143
KAGK,CRABHEL,52,F,CRABHEL.17,KAGK.17,6.0625
GUKT,CRABHEL,39,M,CRABHEL.17,GUKT.17,7.4
GUKT,CRABHEL,38,F,CRABHEL.17,GUKT.17,7.4
GUKT,CRABHEL,47,F,CRABHEL.17,GUKT.17,7.4
BLAQ,CRABHEL,71,F,CRABHEL.17,BLAQ.17,2.96875
GOAT,CRABHEL,60,M,CRABHEL.17,GOAT.17,0
NPAS,CRABHEL,45,M,CRABHEL.17,NPAS.17,0
NFEI,CRABHEL,31,M,CRABHEL.17,NFEI.17,0.6875
SWAD,CRABHEL,68,M,CRABHEL.17,SWAD.17,0.452380953
SWAD,CRABHEL,64,F,CRABHEL.17,SWAD.17,0.452380953
SHIN,CRABHEL,76,F,CRABHEL.17,SHIN.17,3.692307692
GARC,CRABHEL,45,M,CRABHEL.17,GARC.17,1.466666667
REFU,CRABHEL,42,M,CRABHEL.17,REFU.17,0.083333334
REFU,CRABHEL,40,M,CRABHEL.17,REFU.17,0.083333334
GUKT,CRABHEL,49,M,CRABHEL.18,GUKT.18,10.68427371
GUKT,CRABHEL,37,M,CRABHEL.18,GUKT.18,10.68427371
GUKT,CRABHEL,46,M,CRABHEL.18,GUKT.18,10.68427371
GUKT,CRABHEL,52,M,CRABHEL.18,GUKT.18,10.68427371
GUKT,CRABHEL,45,M,CRABHEL.18,GUKT.18,10.68427371
KAGK,CRABHEL,40,F,CRABHEL.18,KAGK.18,10.67457376
KAGK,CRABHEL,45,M,CRABHEL.18,KAGK.18,10.67457376
KAGK,CRABHEL,41,M,CRABHEL.18,KAGK.18,10.67457376
KAGK,CRABHEL,46,M,CRABHEL.18,KAGK.18,10.67457376
KAGK,CRABHEL,50,M,CRABHEL.18,KAGK.18,10.67457376
KAGK,CRABHEL,51,M,CRABHEL.18,KAGK.18,10.67457376
KAGK,CRABHEL,51,M,CRABHEL.18,KAGK.18,10.67457376
KAGK,CRABHEL,50,M,CRABHEL.18,KAGK.18,10.67457376
KAGK,CRABHEL,39,M,CRABHEL.18,KAGK.18,10.67457376
KAGK,CRABHEL,40,M,CRABHEL.18,KAGK.18,10.67457376
KAGK,CRABHEL,36,F,CRABHEL.18,KAGK.18,10.67457376
BLAQ,CRABHEL,56,M,CRABHEL.19,BLAQ.19,1.066552901
FARA,CRABHEL,81,M,CRABHEL.19,FARA.19,0.066889632
GARC,CRABHEL,67,M,CRABHEL.19,GARC.19,1.866404715
GUKT,CRABHEL,47,M,CRABHEL.19,GUKT.19,19.48162917
GUKT,CRABHEL,73,M,CRABHEL.19,GUKT.19,19.48162917
HECA,CRABHEL,45,M,CRABHEL.19,HECA.19,4.87804878
HECA,CRABHEL,52,F,CRABHEL.19,HECA.19,4.87804878
KAGK,CRABHEL,40,M,CRABHEL.19,KAGK.19,26.8401487
KAGK,CRABHEL,55,F,CRABHEL.19,KAGK.19,26.8401487
KAGK,CRABHEL,65,M,CRABHEL.19,KAGK.19,26.8401487
SALA,CRABHEL,63,F,CRABHEL.19,SALA.19,5.894250217
SALA,CRABHEL,72,F,CRABHEL.19,SALA.19,5.894250217
SALA,CRABHEL,74,F,CRABHEL.19,SALA.19,5.894250217
SALA,CRABHEL,75,F,CRABHEL.19,SALA.19,5.894250217
GOATS,CRABRR,60,M,CRABRR.20,GOATS.20,0.056963828
GOATS,CRABRR,68,M,CRABRR.20,GOATS.20,0.056963828
NATZ,CRABRR,143,M,CRABRR.20,NATZ.20,0
NATZ,CRABRR,137,M,CRABRR.20,NATZ.20,0
NATZ,CRABRR,158,M,CRABRR.20,NATZ.20,0
NATZ,CRABRR,114,M,CRABRR.20,NATZ.20,0
NATZ,CRABRR,170,M,CRABRR.20,NATZ.20,0
NATZ,CRABRR,99,F,CRABRR.20,NATZ.20,0
NATZ,CRABRR,117,M,CRABRR.20,NATZ.20,0
NATZ,CRABRR,141,M,CRABRR.20,NATZ.20,0
SWAD,CRABRR,104,F,CRABRR.20,SWAD.20,0.339558574
SWAD,CRABRR,144,NA,CRABRR.20,SWAD.20,0.339558574
SWAD,CRABRR,139,M,CRABRR.20,SWAD.20,0.339558574
SWAD,CRABRR,127,F,CRABRR.20,SWAD.20,0.339558574
SWAD,CRABRR,128,M,CRABRR.20,SWAD.20,0.339558574
SWAD,CRABRR,126,M,CRABRR.20,SWAD.20,0.339558574
SWAD,CRABRR,97,M,CRABRR.20,SWAD.20,0.339558574
SWAD,CRABRR,89,M,CRABRR.20,SWAD.20,0.339558574
SWAD,CRABRR,93,M,CRABRR.20,SWAD.20,0.339558574
KLWK,CRABRR,159,M,CRABRR.20,KLWA.20,0
KLWK,CRABRR,100,F,CRABRR.20,KLWA.20,0
KLWK,CRABRR,150,M,CRABRR.20,KLWA.20,0
KLWK,CRABRR,123,M,CRABRR.20,KLWA.20,0
KLWK,CRABRR,130,M,CRABRR.20,KLWA.20,0
KLWK,CRABRR,128,M,CRABRR.20,KLWA.20,0
KLWK,CRABRR,125,M,CRABRR.20,KLWA.20,0
KLWK,CRABRR,132,M,CRABRR.20,KLWA.20,0
KLWK,CRABRR,171,M,CRABRR.20,KLWA.20,0
NPASS,CRABRR,111,F,CRABRR.20,NPAS.20,0
NPASS,CRABRR,173,NA,CRABRR.20,NPAS.20,0
SODA,CRABRR,54,M,CRABRR.20,SODA.20,2.854150301
NFEI,CRABRR,122,M,CRABRR.20,NFEI.20,0.529500756
BLAQ,CRABRR,90,M,CRABRR.17,BLAQ.17,2.96875
BLAQ,CRABRR,75,F,CRABRR.17,BLAQ.17,2.96875
BLAQ,CRABRR,75,F,CRABRR.17,BLAQ.17,2.96875
BLAQ,CRABRR,101,F,CRABRR.17,BLAQ.17,2.96875
SODA,CRABRR,121,M,CRABRR.17,SODA.17,1.115384615
SODA,CRABRR,109,M,CRABRR.17,SODA.17,1.115384615
SODA,CRABRR,131,M,CRABRR.17,SODA.17,1.115384615
SODA,CRABRR,103,M,CRABRR.17,SODA.17,1.115384615
GOAT,CRABRR,157,M,CRABRR.17,GOAT.17,0
GOAT,CRABRR,140,M,CRABRR.17,GOAT.17,0
GOAT,CRABRR,130,U,CRABRR.17,GOAT.17,0
GOAT,CRABRR,151,M,CRABRR.17,GOAT.17,0
GOAT,CRABRR,109,F,CRABRR.17,GOAT.17,0
GOAT,CRABRR,110,M,CRABRR.17,GOAT.17,0
GOAT,CRABRR,109,F,CRABRR.17,GOAT.17,0
GOAT,CRABRR,130,U,CRABRR.17,GOAT.17,0
GOAT,CRABRR,144,M,CRABRR.17,GOAT.17,0
GOAT,CRABRR,188,M,CRABRR.17,GOAT.17,0
GOAT,CRABRR,140,M,CRABRR.17,GOAT.17,0
GOAT,CRABRR,138,M,CRABRR.17,GOAT.17,0
GOAT,CRABRR,118,M,CRABRR.17,GOAT.17,0
GOAT,CRABRR,101,F,CRABRR.17,GOAT.17,0
GOAT,CRABRR,138,M,CRABRR.17,GOAT.17,0
GOAT,CRABRR,154,M,CRABRR.17,GOAT.17,0
GOAT,CRABRR,142,M,CRABRR.17,GOAT.17,0
NPAS,CRABRR,108,M,CRABRR.17,NPAS.17,0
NPAS,CRABRR,110,M,CRABRR.17,NPAS.17,0
NPAS,CRABRR,156,M,CRABRR.17,NPAS.17,0
NPAS,CRABRR,132,M,CRABRR.17,NPAS.17,0
NPAS,CRABRR,122,M,CRABRR.17,NPAS.17,0
NPAS,CRABRR,135,M,CRABRR.17,NPAS.17,0
NPAS,CRABRR,80,M,CRABRR.17,NPAS.17,0
NATZ,CRABRR,171,M,CRABRR.17,NATZ.17,0
NATZ,CRABRR,113,F,CRABRR.17,NATZ.17,0
NATZ,CRABRR,156,M,CRABRR.17,NATZ.17,0
NATZ,CRABRR,155,M,CRABRR.17,NATZ.17,0
NATZ,CRABRR,134,M,CRABRR.17,NATZ.17,0
NATZ,CRABRR,140,M,CRABRR.17,NATZ.17,0
NATZ,CRABRR,84,M,CRABRR.17,NATZ.17,0
NATZ,CRABRR,112,F,CRABRR.17,NATZ.17,0
DUNB,CRABRR,136,F,CRABRR.17,DUNB.17,0.090909091
DUNB,CRABRR,155,M,CRABRR.17,DUNB.17,0.090909091
FARA,CRABRR,94,M,CRABRR.17,FARA.17,0
FARA,CRABRR,110,M,CRABRR.17,FARA.17,0
FARA,CRABRR,107,F,CRABRR.17,FARA.17,0
FARA,CRABRR,104,M,CRABRR.17,FARA.17,0
FARA,CRABRR,110,F,CRABRR.17,FARA.17,0
FARA,CRABRR,100,F,CRABRR.17,FARA.17,0
FARA,CRABRR,125,M,CRABRR.17,FARA.17,0
FARA,CRABRR,97,F,CRABRR.17,FARA.17,0
FARA,CRABRR,102,F,CRABRR.17,FARA.17,0
FARA,CRABRR,66,M,CRABRR.17,FARA.17,0
FARA,CRABRR,112,M,CRABRR.17,FARA.17,0
FARA,CRABRR,120,M,CRABRR.17,FARA.17,0
HETA,CRABRR,96,F,CRABRR.17,HETA.17,0
HETA,CRABRR,112,F,CRABRR.17,HETA.17,0
HETA,CRABRR,115,M,CRABRR.17,HETA.17,0
HETA,CRABRR,100,M,CRABRR.17,HETA.17,0
HETA,CRABRR,99,M,CRABRR.17,HETA.17,0
HETA,CRABRR,110,F,CRABRR.17,HETA.17,0
HETA,CRABRR,70,F,CRABRR.17,HETA.17,0
NFEI,CRABRR,138,M,CRABRR.17,NFEI.17,0.6875
NFEI,CRABRR,128,M,CRABRR.17,NFEI.17,0.6875
NFEI,CRABRR,132,M,CRABRR.17,NFEI.17,0.6875
NFEI,CRABRR,156,M,CRABRR.17,NFEI.17,0.6875
NFEI,CRABRR,112,F,CRABRR.17,NFEI.17,0.6875
NFEI,CRABRR,130,M,CRABRR.17,NFEI.17,0.6875
NFEI,CRABRR,140,M,CRABRR.17,NFEI.17,0.6875
NFEI,CRABRR,138,M,CRABRR.17,NFEI.17,0.6875
NFEI,CRABRR,119,M,CRABRR.17,NFEI.17,0.6875
NFEI,CRABRR,130,M,CRABRR.17,NFEI.17,0.6875
NFEI,CRABRR,120,M,CRABRR.17,NFEI.17,0.6875
NFEI,CRABRR,110,M,CRABRR.17,NFEI.17,0.6875
NFEI,CRABRR,102,M,CRABRR.17,NFEI.17,0.6875
NFEI,CRABRR,138,M,CRABRR.17,NFEI.17,0.6875
NFEI,CRABRR,118,M,CRABRR.17,NFEI.17,0.6875
NFEI,CRABRR,126,M,CRABRR.17,NFEI.17,0.6875
NFEI,CRABRR,110,M,CRABRR.17,NFEI.17,0.6875
NFEI,CRABRR,114,M,CRABRR.17,NFEI.17,0.6875
NFEI,CRABRR,118,M,CRABRR.17,NFEI.17,0.6875
NFEI,CRABRR,130,M,CRABRR.17,NFEI.17,0.6875
NFEI,CRABRR,104,M,CRABRR.17,NFEI.17,0.6875
NFEI,CRABRR,118,M,CRABRR.17,NFEI.17,0.6875
NFEI,CRABRR,110,M,CRABRR.17,NFEI.17,0.6875
SWAD,CRABRR,83,F,CRABRR.17,SWAD.17,0.452380953
SWAD,CRABRR,87,F,CRABRR.17,SWAD.17,0.452380953
SWAD,CRABRR,120,M,CRABRR.17,SWAD.17,0.452380953
SWAD,CRABRR,90,F,CRABRR.17,SWAD.17,0.452380953
SWAD,CRABRR,111,F,CRABRR.17,SWAD.17,0.452380953
SWAD,CRABRR,131,M,CRABRR.17,SWAD.17,0.452380953
SWAD,CRABRR,74,F,CRABRR.17,SWAD.17,0.452380953
SWAD,CRABRR,101,M,CRABRR.17,SWAD.17,0.452380953
SWAD,CRABRR,96,F,CRABRR.17,SWAD.17,0.452380953
SWAD,CRABRR,112,M,CRABRR.17,SWAD.17,0.452380953
TROC,CRABRR,65,F,CRABRR.17,TROC.17,0.041666667
TROC,CRABRR,96,F,CRABRR.17,TROC.17,0.041666667
TROC,CRABRR,95,F,CRABRR.17,TROC.17,0.041666667
TROC,CRABRR,106,F,CRABRR.17,TROC.17,0.041666667
TROC,CRABRR,106,F,CRABRR.17,TROC.17,0.041666667
TROC,CRABRR,93,M,CRABRR.17,TROC.17,0.041666667
TROC,CRABRR,107,F,CRABRR.17,TROC.17,0.041666667
GARC,CRABRR,64,F,CRABRR.17,GARC.17,1.466666667
REFU,CRABRR,121,F,CRABRR.17,REFU.17,0.083333334
NPAS,CRABRR,163,M,CRABRR.18,NPAS.18,0
NPAS,CRABRR,150,M,CRABRR.18,NPAS.18,0
NPAS,CRABRR,154,M,CRABRR.18,NPAS.18,0
NPAS,CRABRR,158,M,CRABRR.18,NPAS.18,0
NPAS,CRABRR,149,M,CRABRR.18,NPAS.18,0
NPAS,CRABRR,128,M,CRABRR.18,NPAS.18,0
NPAS,CRABRR,151,M,CRABRR.18,NPAS.18,0
NPAS,CRABRR,160,M,CRABRR.18,NPAS.18,0
NPAS,CRABRR,131,F,CRABRR.18,NPAS.18,0
NPAS,CRABRR,107,F,CRABRR.18,NPAS.18,0
NPAS,CRABRR,131,F,CRABRR.18,NPAS.18,0
NPAS,CRABRR,103,F,CRABRR.18,NPAS.18,0
NPAS,CRABRR,111,M,CRABRR.18,NPAS.18,0
NPAS,CRABRR,133,M,CRABRR.18,NPAS.18,0
NPAS,CRABRR,110,F,CRABRR.18,NPAS.18,0
NPAS,CRABRR,155,M,CRABRR.18,NPAS.18,0
NPAS,CRABRR,130,F,CRABRR.18,NPAS.18,0
SUKK,CRABRR,140,M,CRABRR.18,SUKK.18,0.036029544
SUKK,CRABRR,123,M,CRABRR.18,SUKK.18,0.036029544
SUKK,CRABRR,132,M,CRABRR.18,SUKK.18,0.036029544
SUKK,CRABRR,150,M,CRABRR.18,SUKK.18,0.036029544
SUKK,CRABRR,159,M,CRABRR.18,SUKK.18,0.036029544
SUKK,CRABRR,160,M,CRABRR.18,SUKK.18,0.036029544
SUKK,CRABRR,145,M,CRABRR.18,SUKK.18,0.036029544
SUKK,CRABRR,41,M,CRABRR.18,SUKK.18,0.036029544
SUKK,CRABRR,149,M,CRABRR.18,SUKK.18,0.036029544
SUKK,CRABRR,140,M,CRABRR.18,SUKK.18,0.036029544
SUKK,CRABRR,132,M,CRABRR.18,SUKK.18,0.036029544
SUKK,CRABRR,147,M,CRABRR.18,SUKK.18,0.036029544
SUKK,CRABRR,145,M,CRABRR.18,SUKK.18,0.036029544
SUKK,CRABRR,152,M,CRABRR.18,SUKK.18,0.036029544
SUKK,CRABRR,153,M,CRABRR.18,SUKK.18,0.036029544
SUKK,CRABRR,141,F,CRABRR.18,SUKK.18,0.036029544
NATZ,CRABRR,151,M,CRABRR.18,NATZ.18,0
NATZ,CRABRR,151,M,CRABRR.18,NATZ.18,0
NATZ,CRABRR,149,M,CRABRR.18,NATZ.18,0
NATZ,CRABRR,149,M,CRABRR.18,NATZ.18,0
NATZ,CRABRR,153,M,CRABRR.18,NATZ.18,0
NATZ,CRABRR,163,M,CRABRR.18,NATZ.18,0
NATZ,CRABRR,141,M,CRABRR.18,NATZ.18,0
NATZ,CRABRR,121,M,CRABRR.18,NATZ.18,0
NATZ,CRABRR,151,M,CRABRR.18,NATZ.18,0
NATZ,CRABRR,142,M,CRABRR.18,NATZ.18,0
NATZ,CRABRR,143,M,CRABRR.18,NATZ.18,0
NATZ,CRABRR,140,M,CRABRR.18,NATZ.18,0
NATZ,CRABRR,143,M,CRABRR.18,NATZ.18,0
NATZ,CRABRR,153,M,CRABRR.18,NATZ.18,0
NATZ,CRABRR,162,M,CRABRR.18,NATZ.18,0
NATZ,CRABRR,172,M,CRABRR.18,NATZ.18,0
NATZ,CRABRR,149,M,CRABRR.18,NATZ.18,0
NATZ,CRABRR,140,M,CRABRR.18,NATZ.18,0
NATZ,CRABRR,110,F,CRABRR.18,NATZ.18,0
BAKE,CRABRR,39,M,CRABRR.19,BAKE.19,3.989592368
BLAQ,CRABRR,57,M,CRABRR.19,BLAQ.19,1.066552901
BLAQ,CRABRR,107,M,CRABRR.19,BLAQ.19,1.066552901
FARA,CRABRR,89,M,CRABRR.19,FARA.19,0.066889632
FARA,CRABRR,91,M,CRABRR.19,FARA.19,0.066889632
FARA,CRABRR,99,M,CRABRR.19,FARA.19,0.066889632
FARA,CRABRR,100,M,CRABRR.19,FARA.19,0.066889632
FARA,CRABRR,100,M,CRABRR.19,FARA.19,0.066889632
FARA,CRABRR,101,M,CRABRR.19,FARA.19,0.066889632
FARA,CRABRR,102,F,CRABRR.19,FARA.19,0.066889632
FARA,CRABRR,109,M,CRABRR.19,FARA.19,0.066889632
FARA,CRABRR,109,F,CRABRR.19,FARA.19,0.066889632
FARA,CRABRR,111,M,CRABRR.19,FARA.19,0.066889632
FARA,CRABRR,117,M,CRABRR.19,FARA.19,0.066889632
FARA,CRABRR,121,M,CRABRR.19,FARA.19,0.066889632
KLWA,CRABRR,120,F,CRABRR.19,KLWA.19,0.225580871
KLWA,CRABRR,121,M,CRABRR.19,KLWA.19,0.225580871
KLWA,CRABRR,126,M,CRABRR.19,KLWA.19,0.225580871
KLWA,CRABRR,129,M,CRABRR.19,KLWA.19,0.225580871
KLWA,CRABRR,130,M,CRABRR.19,KLWA.19,0.225580871
KLWA,CRABRR,132,M,CRABRR.19,KLWA.19,0.225580871
KLWA,CRABRR,134,M,CRABRR.19,KLWA.19,0.225580871
KLWA,CRABRR,136,M,CRABRR.19,KLWA.19,0.225580871
KLWA,CRABRR,136,M,CRABRR.19,KLWA.19,0.225580871
KLWA,CRABRR,140,M,CRABRR.19,KLWA.19,0.225580871
KLWA,CRABRR,140,M,CRABRR.19,KLWA.19,0.225580871
KLWA,CRABRR,143,M,CRABRR.19,KLWA.19,0.225580871
KLWA,CRABRR,145,M,CRABRR.19,KLWA.19,0.225580871
KLWA,CRABRR,151,M,CRABRR.19,KLWA.19,0.225580871
NATZ,CRABRR,98,F,CRABRR.19,NATZ.19,0
NATZ,CRABRR,125,M,CRABRR.19,NATZ.19,0
NATZ,CRABRR,130,M,CRABRR.19,NATZ.19,0
NATZ,CRABRR,134,M,CRABRR.19,NATZ.19,0
NFEI,CRABRR,107,F,CRABRR.19,NFEI.19,0.750577367
NFEI,CRABRR,117,M,CRABRR.19,NFEI.19,0.750577367
NFEI,CRABRR,NA,NA,CRABRR.19,NFEI.19,0.750577367
NPAS,CRABRR,101,F,CRABRR.19,NPAS.19,0
NPAS,CRABRR,101,M,CRABRR.19,NPAS.19,0
NPAS,CRABRR,102,M,CRABRR.19,NPAS.19,0
NPAS,CRABRR,102,F,CRABRR.19,NPAS.19,0
NPAS,CRABRR,116,F,CRABRR.19,NPAS.19,0
NPAS,CRABRR,117,M,CRABRR.19,NPAS.19,0
NPAS,CRABRR,120,F,CRABRR.19,NPAS.19,0
NPAS,CRABRR,126,M,CRABRR.19,NPAS.19,0
NPAS,CRABRR,126,F,CRABRR.19,NPAS.19,0
NPAS,CRABRR,135,F,CRABRR.19,NPAS.19,0
NPAS,CRABRR,161,M,CRABRR.19,NPAS.19,0
SFEI,CRABRR,107,F,CRABRR.19,SFEI.19,1.159479251
SWAD,CRABRR,85,M,CRABRR.19,SWAD.19,0.157109191
SWAD,CRABRR,97,M,CRABRR.19,SWAD.19,0.157109191
SWAD,CRABRR,113,F,CRABRR.19,SWAD.19,0.157109191
SWAD,CRABRR,115,M,CRABRR.19,SWAD.19,0.157109191
SWAD,CRABRR,121,F,CRABRR.19,SWAD.19,0.157109191
SWAD,CRABRR,121,F,CRABRR.19,SWAD.19,0.157109191
SWAD,CRABRR,138,M,CRABRR.19,SWAD.19,0.157109191
SWAD,CRABRR,145,M,CRABRR.19,SWAD.19,0.157109191
SWAD,CRABRR,149,M,CRABRR.19,SWAD.19,0.157109191
