year,bay_code,bay_sample,date_set,YYYYMMDD_set,time_set,date_pulled,YYYYMMDD_pulled,time_pulled,time_soak_hr,trap,string,Sp_CommonName,Sp_ScientificName,SpCode,Taxa,carapace_width_mm,sex,fork_length_mm,unmeasured,notes,pri.key,sec_key
2017,SALA,A,5/29/2017,20170529,1223,5/30/2017,20170530,920,20.95,minnow,1,Pacific staghorn sculpin,Leptocottus armatus,SCULPSTG,fish,NA,NA,92,NA,NA,SCULPSTG.17,SALA.17
2017,SALA,A,5/29/2017,20170529,1223,5/30/2017,20170530,920,20.95,minnow,1,Pacific staghorn sculpin,Leptocottus armatus,SCULPSTG,fish,NA,NA,196,NA,NA,SCULPSTG.17,SALA.17
2017,SALA,A,5/29/2017,20170529,1223,5/30/2017,20170530,920,20.95,minnow,1,Helmet crab,Telmessus cheiragonus,CRABHEL,invertebrate,52,M,NA,NA,NA,CRABHEL.17,SALA.17
2017,SALA,A,5/29/2017,20170529,1223,5/30/2017,20170530,920,20.95,minnow,1,Helmet crab,Telmessus cheiragonus,CRABHEL,invertebrate,50,M,NA,NA,NA,CRABHEL.17,SALA.17
2017,SALA,A,5/29/2017,20170529,1223,5/30/2017,20170530,920,20.95,minnow,1,Helmet crab,Telmessus cheiragonus,CRABHEL,invertebrate,44,M,NA,NA,NA,CRABHEL.17,SALA.17
2017,SALA,A,5/29/2017,20170529,1223,5/30/2017,20170530,920,20.95,minnow,1,Helmet crab,Telmessus cheiragonus,CRABHEL,invertebrate,48,M,NA,NA,NA,CRABHEL.17,SALA.17
2017,SALA,A,5/29/2017,20170529,1223,5/30/2017,20170530,920,20.95,minnow,1,Helmet crab,Telmessus cheiragonus,CRABHEL,invertebrate,40,F,NA,NA,NA,CRABHEL.17,SALA.17
2017,SALA,A,5/29/2017,20170529,1223,5/30/2017,20170530,920,20.95,minnow,1,Helmet crab,Telmessus cheiragonus,CRABHEL,invertebrate,46,M,NA,NA,NA,CRABHEL.17,SALA.17
2017,SALA,A,5/29/2017,20170529,1223,5/30/2017,20170530,920,20.95,minnow,1,Helmet crab,Telmessus cheiragonus,CRABHEL,invertebrate,54,M,NA,NA,NA,CRABHEL.17,SALA.17
2017,SALA,A,5/29/2017,20170529,1223,5/30/2017,20170530,920,20.95,shrimp,1,Pacific staghorn sculpin,Leptocottus armatus,SCULPSTG,fish,NA,NA,91,NA,NA,SCULPSTG.17,SALA.17
2017,SALA,A,5/29/2017,20170529,1223,5/30/2017,20170530,920,20.95,shrimp,1,Helmet crab,Telmessus cheiragonus,CRABHEL,invertebrate,42,F,NA,NA,NA,CRABHEL.17,SALA.17
2017,SALA,A,5/29/2017,20170529,1223,5/30/2017,20170530,920,20.95,minnow,2,Metacarcinus spp.,Metacarcinus spp.,CRABMET,invertebrate,60,M,NA,NA,NA,CRABMET.17,SALA.17
2017,SALA,A,5/29/2017,20170529,1223,5/30/2017,20170530,920,20.95,minnow,2,Pacific staghorn sculpin,Leptocottus armatus,SCULPSTG,fish,NA,NA,226,NA,NA,SCULPSTG.17,SALA.17
2017,SALA,A,5/29/2017,20170529,1223,5/30/2017,20170530,920,20.95,minnow,2,Helmet crab,Telmessus cheiragonus,CRABHEL,invertebrate,46,M,NA,NA,NA,CRABHEL.17,SALA.17
2017,SALA,A,5/29/2017,20170529,1223,5/30/2017,20170530,920,20.95,minnow,2,Helmet crab,Telmessus cheiragonus,CRABHEL,invertebrate,48,M,NA,NA,NA,CRABHEL.17,SALA.17
2017,SALA,A,5/29/2017,20170529,1223,5/30/2017,20170530,920,20.95,minnow,2,Helmet crab,Telmessus cheiragonus,CRABHEL,invertebrate,62,M,NA,NA,NA,CRABHEL.17,SALA.17
2017,SALA,A,5/29/2017,20170529,1223,5/30/2017,20170530,920,20.95,minnow,2,Helmet crab,Telmessus cheiragonus,CRABHEL,invertebrate,42,F,NA,NA,NA,CRABHEL.17,SALA.17
2017,SALA,A,5/29/2017,20170529,1223,5/30/2017,20170530,920,20.95,minnow,2,Helmet crab,Telmessus cheiragonus,CRABHEL,invertebrate,42,F,NA,NA,NA,CRABHEL.17,SALA.17
2017,SALA,A,5/29/2017,20170529,1223,5/30/2017,20170530,920,20.95,shrimp,2,Helmet crab,Telmessus cheiragonus,CRABHEL,invertebrate,48,M,NA,NA,NA,CRABHEL.17,SALA.17
2017,SALA,A,5/29/2017,20170529,1223,5/30/2017,20170530,920,20.95,shrimp,2,Helmet crab,Telmessus cheiragonus,CRABHEL,invertebrate,38,M,NA,NA,NA,CRABHEL.17,SALA.17
2017,SALA,A,5/29/2017,20170529,1223,5/30/2017,20170530,920,20.95,shrimp,2,Helmet crab,Telmessus cheiragonus,CRABHEL,invertebrate,40,M,NA,NA,NA,CRABHEL.17,SALA.17
2017,SALA,A,5/29/2017,20170529,1223,5/30/2017,20170530,920,20.95,shrimp,2,Helmet crab,Telmessus cheiragonus,CRABHEL,invertebrate,50,M,NA,NA,NA,CRABHEL.17,SALA.17
2017,SALA,A,5/29/2017,20170529,1223,5/30/2017,20170530,920,20.95,minnow,3,Pacific staghorn sculpin,Leptocottus armatus,SCULPSTG,fish,NA,NA,148,NA,NA,SCULPSTG.17,SALA.17
2017,SALA,A,5/29/2017,20170529,1223,5/30/2017,20170530,920,20.95,minnow,3,Metacarcinus spp.,Metacarcinus spp.,CRABMET,invertebrate,88,M,NA,NA,NA,CRABMET.17,SALA.17
2017,SALA,A,5/29/2017,20170529,1223,5/30/2017,20170530,920,20.95,minnow,3,Metacarcinus spp.,Metacarcinus spp.,CRABMET,invertebrate,80,M,NA,NA,NA,CRABMET.17,SALA.17
2017,SALA,A,5/29/2017,20170529,1223,5/30/2017,20170530,920,20.95,minnow,3,Metacarcinus spp.,Metacarcinus spp.,CRABMET,invertebrate,56,M,NA,NA,NA,CRABMET.17,SALA.17
2017,SALA,A,5/29/2017,20170529,1223,5/30/2017,20170530,920,20.95,minnow,3,Metacarcinus spp.,Metacarcinus spp.,CRABMET,invertebrate,88,F,NA,NA,NA,CRABMET.17,SALA.17
2017,SALA,A,5/29/2017,20170529,1223,5/30/2017,20170530,920,20.95,minnow,3,Metacarcinus spp.,Metacarcinus spp.,CRABMET,invertebrate,48,F,NA,NA,NA,CRABMET.17,SALA.17
2017,SALA,A,5/29/2017,20170529,1223,5/30/2017,20170530,920,20.95,minnow,3,Metacarcinus spp.,Metacarcinus spp.,CRABMET,invertebrate,62,M,NA,NA,NA,CRABMET.17,SALA.17
2017,SALA,A,5/29/2017,20170529,1223,5/30/2017,20170530,920,20.95,minnow,3,Helmet crab,Telmessus cheiragonus,CRABHEL,invertebrate,42,M,NA,NA,NA,CRABHEL.17,SALA.17
2017,SALA,A,5/29/2017,20170529,1223,5/30/2017,20170530,920,20.95,shrimp,3,Pacific staghorn sculpin,Leptocottus armatus,SCULPSTG,fish,NA,NA,152,NA,NA,SCULPSTG.17,SALA.17
2017,SALA,A,5/29/2017,20170529,1223,5/30/2017,20170530,920,20.95,shrimp,3,Helmet crab,Telmessus cheiragonus,CRABHEL,invertebrate,44,F,NA,NA,NA,CRABHEL.17,SALA.17
2017,NOSK,A,5/29/2017,20170529,1250,5/30/2017,20170530,1200,23.83,minnow,1,Metacarcinus spp.,Metacarcinus spp.,CRABMET,invertebrate,52,M,NA,NA,NA,CRABMET.17,NOSK.17
2017,NOSK,A,5/29/2017,20170529,1250,5/30/2017,20170530,1200,23.83,minnow,1,Rock sole,Lepidopsetta spp.,SOLEROC,fish,NA,NA,102,NA,NA,SOLEROC.17,NOSK.17
2017,NOSK,A,5/29/2017,20170529,1250,5/30/2017,20170530,1200,23.83,minnow,1,Helmet crab,Telmessus cheiragonus,CRABHEL,invertebrate,50,M,NA,NA,NA,CRABHEL.17,NOSK.17
2017,NOSK,A,5/29/2017,20170529,1250,5/30/2017,20170530,1200,23.83,minnow,2,Pacific staghorn sculpin,Leptocottus armatus,SCULPSTG,fish,NA,NA,163,NA,NA,SCULPSTG.17,NOSK.17
2017,NOSK,A,5/29/2017,20170529,1250,5/30/2017,20170530,1200,23.83,minnow,2,Metacarcinus spp.,Metacarcinus spp.,CRABMET,invertebrate,58,M,NA,NA,NA,CRABMET.17,NOSK.17
2017,NOSK,A,5/29/2017,20170529,1250,5/30/2017,20170530,1200,23.83,minnow,2,Metacarcinus spp.,Metacarcinus spp.,CRABMET,invertebrate,54,M,NA,NA,NA,CRABMET.17,NOSK.17
2017,NOSK,A,5/29/2017,20170529,1250,5/30/2017,20170530,1200,23.83,minnow,2,Helmet crab,Telmessus cheiragonus,CRABHEL,invertebrate,48,M,NA,NA,NA,CRABHEL.17,NOSK.17
2017,NOSK,A,5/29/2017,20170529,1250,5/30/2017,20170530,1200,23.83,minnow,2,Helmet crab,Telmessus cheiragonus,CRABHEL,invertebrate,52,M,NA,NA,NA,CRABHEL.17,NOSK.17
2017,NOSK,A,5/29/2017,20170529,1250,5/30/2017,20170530,1200,23.83,shrimp,2,Helmet crab,Telmessus cheiragonus,CRABHEL,invertebrate,40,M,NA,NA,NA,CRABHEL.17,NOSK.17
2017,NOSK,A,5/29/2017,20170529,1250,5/30/2017,20170530,1200,23.83,minnow,3,Pacific staghorn sculpin,Leptocottus armatus,SCULPSTG,fish,NA,NA,195,NA,NA,SCULPSTG.17,NOSK.17
2017,CHUS,A,6/24/2017,20170624,1028,6/25/2017,20170625,1115,24.78,minnow,1,Metacarcinus spp.,Metacarcinus spp.,CRABMET,invertebrate,54,F,NA,NA,NA,CRABMET.17,CHUS.17
2017,CHUS,A,6/24/2017,20170624,1028,6/25/2017,20170625,1115,24.78,minnow,1,Pacific staghorn sculpin,Leptocottus armatus,SCULPSTG,fish,NA,NA,200,NA,NA,SCULPSTG.17,CHUS.17
2017,CHUS,A,6/24/2017,20170624,1028,6/25/2017,20170625,1115,24.78,minnow,1,Pacific staghorn sculpin,Leptocottus armatus,SCULPSTG,fish,NA,NA,150,NA,NA,SCULPSTG.17,CHUS.17
2017,CHUS,A,6/24/2017,20170624,1028,6/25/2017,20170625,1115,24.78,minnow,1,Pacific staghorn sculpin,Leptocottus armatus,SCULPSTG,fish,NA,NA,170,NA,NA,SCULPSTG.17,CHUS.17
2017,CHUS,A,6/24/2017,20170624,1028,6/25/2017,20170625,1115,24.78,minnow,1,Pacific staghorn sculpin,Leptocottus armatus,SCULPSTG,fish,NA,NA,220,NA,NA,SCULPSTG.17,CHUS.17
2017,CHUS,A,6/24/2017,20170624,1028,6/25/2017,20170625,1115,24.78,minnow,1,Pacific staghorn sculpin,Leptocottus armatus,SCULPSTG,fish,NA,NA,198,NA,NA,SCULPSTG.17,CHUS.17
2017,CHUS,A,6/24/2017,20170624,1028,6/25/2017,20170625,1115,24.78,minnow,1,Pacific staghorn sculpin,Leptocottus armatus,SCULPSTG,fish,NA,NA,195,NA,NA,SCULPSTG.17,CHUS.17
2017,CHUS,A,6/24/2017,20170624,1028,6/25/2017,20170625,1115,24.78,minnow,2,Pacific staghorn sculpin,Leptocottus armatus,SCULPSTG,fish,NA,NA,200,NA,NA,SCULPSTG.17,CHUS.17
2017,CHUS,A,6/24/2017,20170624,1028,6/25/2017,20170625,1115,24.78,minnow,2,Pacific staghorn sculpin,Leptocottus armatus,SCULPSTG,fish,NA,NA,215,NA,NA,SCULPSTG.17,CHUS.17
2017,CHUS,A,6/24/2017,20170624,1028,6/25/2017,20170625,1115,24.78,minnow,2,Pacific staghorn sculpin,Leptocottus armatus,SCULPSTG,fish,NA,NA,185,NA,NA,SCULPSTG.17,CHUS.17
2017,CHUS,A,6/24/2017,20170624,1028,6/25/2017,20170625,1115,24.78,minnow,2,Pacific staghorn sculpin,Leptocottus armatus,SCULPSTG,fish,NA,NA,235,NA,NA,SCULPSTG.17,CHUS.17
2017,CHUS,A,6/24/2017,20170624,1028,6/25/2017,20170625,1115,24.78,minnow,2,Pacific staghorn sculpin,Leptocottus armatus,SCULPSTG,fish,NA,NA,185,NA,NA,SCULPSTG.17,CHUS.17
2017,CHUS,A,6/24/2017,20170624,1028,6/25/2017,20170625,1115,24.78,minnow,2,Metacarcinus spp.,Metacarcinus spp.,CRABMET,invertebrate,51,M,NA,NA,NA,CRABMET.17,CHUS.17
2017,CHUS,A,6/24/2017,20170624,1028,6/25/2017,20170625,1115,24.78,minnow,3,Pacific staghorn sculpin,Leptocottus armatus,SCULPSTG,fish,NA,NA,158,NA,NA,SCULPSTG.17,CHUS.17
2017,CHUS,A,6/24/2017,20170624,1028,6/25/2017,20170625,1115,24.78,minnow,3,Pacific staghorn sculpin,Leptocottus armatus,SCULPSTG,fish,NA,NA,166,NA,NA,SCULPSTG.17,CHUS.17
2017,CHUS,A,6/24/2017,20170624,1028,6/25/2017,20170625,1115,24.78,shrimp,3,Pacific staghorn sculpin,Leptocottus armatus,SCULPSTG,fish,NA,NA,260,NA,NA,SCULPSTG.17,CHUS.17
2017,KAGK,A,6/24/2017,20170624,1110,6/25/2017,20170625,1235,24.78,minnow,1,Pacific staghorn sculpin,Leptocottus armatus,SCULPSTG,fish,NA,NA,180,NA,NA,SCULPSTG.17,KAGK.17
2017,KAGK,A,6/24/2017,20170624,1110,6/25/2017,20170625,1235,24.78,minnow,1,Metacarcinus spp.,Metacarcinus spp.,CRABMET,invertebrate,49,M,NA,NA,NA,CRABMET.17,KAGK.17
2017,KAGK,A,6/24/2017,20170624,1110,6/25/2017,20170625,1235,24.78,minnow,1,Helmet crab,Telmessus cheiragonus,CRABHEL,invertebrate,52,F,NA,NA,NA,CRABHEL.17,KAGK.17
2017,KAGK,A,6/24/2017,20170624,1110,6/25/2017,20170625,1235,24.78,shrimp,1,Metacarcinus spp.,Metacarcinus spp.,CRABMET,invertebrate,44,M,NA,NA,NA,CRABMET.17,KAGK.17
2017,KAGK,A,6/24/2017,20170624,1110,6/25/2017,20170625,1235,24.78,minnow,3,Metacarcinus spp.,Metacarcinus spp.,CRABMET,invertebrate,54,F,NA,NA,NA,CRABMET.17,KAGK.17
2017,KAGK,A,6/24/2017,20170624,1110,6/25/2017,20170625,1235,24.78,minnow,3,Metacarcinus spp.,Metacarcinus spp.,CRABMET,invertebrate,45,F,NA,NA,NA,CRABMET.17,KAGK.17
2017,NAUK,A,8/8/2017,20170808,920,8/9/2017,20170808,1353,28.55,minnow,1,Metacarcinus spp.,Metacarcinus spp.,CRABMET,invertebrate,71,U,NA,NA,NA,CRABMET.17,NAUK.17
2017,NAUK,A,8/8/2017,20170808,920,8/9/2017,20170808,1353,28.55,minnow,1,Metacarcinus spp.,Metacarcinus spp.,CRABMET,invertebrate,50,M,NA,NA,NA,CRABMET.17,NAUK.17
2017,NAUK,A,8/8/2017,20170808,920,8/9/2017,20170808,1353,28.55,minnow,1,Metacarcinus spp.,Metacarcinus spp.,CRABMET,invertebrate,41,M,NA,NA,NA,CRABMET.17,NAUK.17
2017,NAUK,A,8/8/2017,20170808,920,8/9/2017,20170808,1353,28.55,shrimp,1,Metacarcinus spp.,Metacarcinus spp.,CRABMET,invertebrate,52,M,NA,NA,NA,CRABMET.17,NAUK.17
2017,NAUK,A,8/8/2017,20170808,920,8/9/2017,20170808,1353,28.55,shrimp,1,Metacarcinus spp.,Metacarcinus spp.,CRABMET,invertebrate,55,F,NA,NA,NA,CRABMET.17,NAUK.17
2017,NAUK,A,8/8/2017,20170808,920,8/9/2017,20170808,1353,28.55,minnow,2,Butter sole,Isopsetta isolepis,SOLEBUT,fish,NA,NA,242,NA,NA,SOLEBUT.17,NAUK.17
2017,NAUK,A,8/8/2017,20170808,920,8/9/2017,20170808,1353,28.55,minnow,2,Metacarcinus spp.,Metacarcinus spp.,CRABMET,invertebrate,56,M,NA,NA,NA,CRABMET.17,NAUK.17
2017,NAUK,A,8/8/2017,20170808,920,8/9/2017,20170808,1353,28.55,minnow,2,Metacarcinus spp.,Metacarcinus spp.,CRABMET,invertebrate,50,F,NA,NA,NA,CRABMET.17,NAUK.17
2017,NAUK,A,8/8/2017,20170808,920,8/9/2017,20170808,1353,28.55,minnow,2,Metacarcinus spp.,Metacarcinus spp.,CRABMET,invertebrate,45,F,NA,NA,NA,CRABMET.17,NAUK.17
2017,NAUK,A,8/8/2017,20170808,920,8/9/2017,20170808,1353,28.55,shrimp,2,Decorator crab,Oregonia gracilis,CRABDEC,invertebrate,31,F,NA,NA,NA,CRABDEC.17,NAUK.17
2017,NAUK,A,8/8/2017,20170808,920,8/9/2017,20170808,1353,28.55,shrimp,2,Metacarcinus spp.,Metacarcinus spp.,CRABMET,invertebrate,73,M,NA,NA,NA,CRABMET.17,NAUK.17
2017,NAUK,A,8/8/2017,20170808,920,8/9/2017,20170808,1353,28.55,minnow,3,Pacific staghorn sculpin,Leptocottus armatus,SCULPSTG,fish,NA,NA,160,NA,NA,SCULPSTG.17,NAUK.17
2017,NAUK,A,8/8/2017,20170808,920,8/9/2017,20170808,1353,28.55,minnow,3,Pacific staghorn sculpin,Leptocottus armatus,SCULPSTG,fish,NA,NA,215,NA,NA,SCULPSTG.17,NAUK.17
2017,NAUK,A,8/8/2017,20170808,920,8/9/2017,20170808,1353,28.55,minnow,3,Butter sole,Isopsetta isolepis,SOLEBUT,fish,NA,NA,208,NA,NA,SOLEBUT.17,NAUK.17
2017,NAUK,A,8/8/2017,20170808,920,8/9/2017,20170808,1353,28.55,shrimp,3,Pacific staghorn sculpin,Leptocottus armatus,SCULPSTG,fish,NA,NA,230,NA,NA,SCULPSTG.17,NAUK.17
2017,NAUK,A,8/8/2017,20170808,920,8/9/2017,20170808,1353,28.55,shrimp,3,Metacarcinus spp.,Metacarcinus spp.,CRABMET,invertebrate,47,M,NA,NA,NA,CRABMET.17,NAUK.17
2017,GUKT,A,8/8/2014,20170808,1017,8/9/2017,20170808,1035,24.3,minnow,1,Pacific staghorn sculpin,Leptocottus armatus,SCULPSTG,fish,NA,NA,228,NA,NA,SCULPSTG.17,GUKT.17
2017,GUKT,A,8/8/2014,20170808,1017,8/9/2017,20170808,1035,24.3,minnow,1,Pacific staghorn sculpin,Leptocottus armatus,SCULPSTG,fish,NA,NA,215,NA,NA,SCULPSTG.17,GUKT.17
2017,GUKT,A,8/8/2014,20170808,1017,8/9/2017,20170808,1035,24.3,minnow,1,Pacific staghorn sculpin,Leptocottus armatus,SCULPSTG,fish,NA,NA,228,NA,NA,SCULPSTG.17,GUKT.17
2017,GUKT,A,8/8/2014,20170808,1017,8/9/2017,20170808,1035,24.3,minnow,1,Pacific staghorn sculpin,Leptocottus armatus,SCULPSTG,fish,NA,NA,283,NA,NA,SCULPSTG.17,GUKT.17
2017,GUKT,A,8/8/2014,20170808,1017,8/9/2017,20170808,1035,24.3,minnow,1,Pacific staghorn sculpin,Leptocottus armatus,SCULPSTG,fish,NA,NA,178,NA,NA,SCULPSTG.17,GUKT.17
2017,GUKT,A,8/8/2014,20170808,1017,8/9/2017,20170808,1035,24.3,minnow,1,Pacific staghorn sculpin,Leptocottus armatus,SCULPSTG,fish,NA,NA,205,NA,NA,SCULPSTG.17,GUKT.17
2017,GUKT,A,8/8/2014,20170808,1017,8/9/2017,20170808,1035,24.3,minnow,1,Metacarcinus spp.,Metacarcinus spp.,CRABMET,invertebrate,60,M,NA,NA,NA,CRABMET.17,GUKT.17
2017,GUKT,A,8/8/2014,20170808,1017,8/9/2017,20170808,1035,24.3,shrimp,1,Helmet crab,Telmessus cheiragonus,CRABHEL,invertebrate,39,M,NA,NA,NA,CRABHEL.17,GUKT.17
2017,GUKT,A,8/8/2014,20170808,1017,8/9/2017,20170808,1035,24.3,shrimp,1,Helmet crab,Telmessus cheiragonus,CRABHEL,invertebrate,38,F,NA,NA,NA,CRABHEL.17,GUKT.17
2017,GUKT,A,8/8/2014,20170808,1017,8/9/2017,20170808,1035,24.3,shrimp,1,Decorator crab,Oregonia gracilis,CRABDEC,invertebrate,26,F,NA,NA,NA,CRABDEC.17,GUKT.17
2017,GUKT,A,8/8/2014,20170808,1017,8/9/2017,20170808,1035,24.3,minnow,2,Pacific staghorn sculpin,Leptocottus armatus,SCULPSTG,fish,NA,NA,295,NA,NA,SCULPSTG.17,GUKT.17
2017,GUKT,A,8/8/2014,20170808,1017,8/9/2017,20170808,1035,24.3,minnow,2,Pacific staghorn sculpin,Leptocottus armatus,SCULPSTG,fish,NA,NA,280,NA,NA,SCULPSTG.17,GUKT.17
2017,GUKT,A,8/8/2014,20170808,1017,8/9/2017,20170808,1035,24.3,minnow,2,Helmet crab,Telmessus cheiragonus,CRABHEL,invertebrate,47,F,NA,NA,NA,CRABHEL.17,GUKT.17
2017,GUKT,A,8/8/2014,20170808,1017,8/9/2017,20170808,1035,24.3,shrimp,2,Decorator crab,Oregonia gracilis,CRABDEC,invertebrate,25,F,NA,NA,NA,CRABDEC.17,GUKT.17
2017,GUKT,A,8/8/2014,20170808,1017,8/9/2017,20170808,1035,24.3,shrimp,2,Metacarcinus spp.,Metacarcinus spp.,CRABMET,invertebrate,52,F,NA,NA,NA,CRABMET.17,GUKT.17
2017,GUKT,A,8/8/2014,20170808,1017,8/9/2017,20170808,1035,24.3,shrimp,2,Metacarcinus spp.,Metacarcinus spp.,CRABMET,invertebrate,47,F,NA,NA,NA,CRABMET.17,GUKT.17
2017,GUKT,A,8/8/2014,20170808,1017,8/9/2017,20170808,1035,24.3,minnow,3,Metacarcinus spp.,Metacarcinus spp.,CRABMET,invertebrate,59,M,NA,NA,NA,CRABMET.17,GUKT.17
2017,GUKT,A,8/8/2014,20170808,1017,8/9/2017,20170808,1035,24.3,minnow,3,Metacarcinus spp.,Metacarcinus spp.,CRABMET,invertebrate,57,F,NA,NA,NA,CRABMET.17,GUKT.17
2017,BLAQ,A,8/6/2017,20170806,1216,8/7/2017,20170806,1114,23.97,minnow,1,Copper rockfish,Sebastes caurinus,ROCKCOP,fish,NA,NA,235,NA,NA,ROCKCOP.17,BLAQ.17
2017,BLAQ,A,8/6/2017,20170806,1216,8/7/2017,20170806,1114,23.97,minnow,1,Copper rockfish,Sebastes caurinus,ROCKCOP,fish,NA,NA,175,NA,NA,ROCKCOP.17,BLAQ.17
2017,BLAQ,A,8/6/2017,20170806,1216,8/7/2017,20170806,1114,23.97,minnow,1,Pacific staghorn sculpin,Leptocottus armatus,SCULPSTG,fish,NA,NA,260,NA,NA,SCULPSTG.17,BLAQ.17
2017,BLAQ,A,8/6/2017,20170806,1216,8/7/2017,20170806,1114,23.97,minnow,1,Pacific staghorn sculpin,Leptocottus armatus,SCULPSTG,fish,NA,NA,310,NA,NA,SCULPSTG.17,BLAQ.17
2017,BLAQ,A,8/6/2017,20170806,1216,8/7/2017,20170806,1114,23.97,minnow,1,Metacarcinus spp.,Metacarcinus spp.,CRABMET,invertebrate,60,M,NA,NA,NA,CRABMET.17,BLAQ.17
2017,BLAQ,A,8/6/2017,20170806,1216,8/7/2017,20170806,1114,23.97,shrimp,1,Metacarcinus spp.,Metacarcinus spp.,CRABMET,invertebrate,61,F,NA,NA,NA,CRABMET.17,BLAQ.17
2017,BLAQ,A,8/6/2017,20170806,1216,8/7/2017,20170806,1114,23.97,shrimp,1,Metacarcinus spp.,Metacarcinus spp.,CRABMET,invertebrate,54,M,NA,NA,NA,CRABMET.17,BLAQ.17
2017,BLAQ,A,8/6/2017,20170806,1216,8/7/2017,20170806,1114,23.97,minnow,2,Pacific staghorn sculpin,Leptocottus armatus,SCULPSTG,fish,NA,NA,230,NA,NA,SCULPSTG.17,BLAQ.17
2017,BLAQ,A,8/6/2017,20170806,1216,8/7/2017,20170806,1114,23.97,minnow,2,Pacific staghorn sculpin,Leptocottus armatus,SCULPSTG,fish,NA,NA,215,NA,NA,SCULPSTG.17,BLAQ.17
2017,BLAQ,A,8/6/2017,20170806,1216,8/7/2017,20170806,1114,23.97,minnow,2,Pacific staghorn sculpin,Leptocottus armatus,SCULPSTG,fish,NA,NA,260,NA,NA,SCULPSTG.17,BLAQ.17
2017,BLAQ,A,8/6/2017,20170806,1216,8/7/2017,20170806,1114,23.97,minnow,2,Pacific staghorn sculpin,Leptocottus armatus,SCULPSTG,fish,NA,NA,285,NA,NA,SCULPSTG.17,BLAQ.17
2017,BLAQ,A,8/6/2017,20170806,1216,8/7/2017,20170806,1114,23.97,minnow,2,Pacific staghorn sculpin,Leptocottus armatus,SCULPSTG,fish,NA,NA,295,NA,NA,SCULPSTG.17,BLAQ.17
2017,BLAQ,A,8/6/2017,20170806,1216,8/7/2017,20170806,1114,23.97,minnow,2,Pacific staghorn sculpin,Leptocottus armatus,SCULPSTG,fish,NA,NA,225,NA,NA,SCULPSTG.17,BLAQ.17
2017,BLAQ,A,8/6/2017,20170806,1216,8/7/2017,20170806,1114,23.97,minnow,2,Pacific staghorn sculpin,Leptocottus armatus,SCULPSTG,fish,NA,NA,245,NA,NA,SCULPSTG.17,BLAQ.17
2017,BLAQ,A,8/6/2017,20170806,1216,8/7/2017,20170806,1114,23.97,minnow,2,Red rock crab,Cancer productus,CRABRR,invertebrate,90,M,NA,NA,NA,CRABRR.17,BLAQ.17
2017,BLAQ,A,8/6/2017,20170806,1216,8/7/2017,20170806,1114,23.97,minnow,2,Red rock crab,Cancer productus,CRABRR,invertebrate,75,F,NA,NA,NA,CRABRR.17,BLAQ.17
2017,BLAQ,A,8/6/2017,20170806,1216,8/7/2017,20170806,1114,23.97,minnow,2,Helmet crab,Telmessus cheiragonus,CRABHEL,invertebrate,71,F,NA,NA,NA,CRABHEL.17,BLAQ.17
2017,BLAQ,A,8/6/2017,20170806,1216,8/7/2017,20170806,1114,23.97,shrimp,2,Red rock crab,Cancer productus,CRABRR,invertebrate,75,F,NA,NA,NA,CRABRR.17,BLAQ.17
2017,BLAQ,A,8/6/2017,20170806,1216,8/7/2017,20170806,1114,23.97,minnow,3,Pacific staghorn sculpin,Leptocottus armatus,SCULPSTG,fish,NA,NA,275,NA,NA,SCULPSTG.17,BLAQ.17
2017,BLAQ,A,8/6/2017,20170806,1216,8/7/2017,20170806,1114,23.97,minnow,3,Pacific staghorn sculpin,Leptocottus armatus,SCULPSTG,fish,NA,NA,274,NA,NA,SCULPSTG.17,BLAQ.17
2017,BLAQ,A,8/6/2017,20170806,1216,8/7/2017,20170806,1114,23.97,minnow,3,Pacific staghorn sculpin,Leptocottus armatus,SCULPSTG,fish,NA,NA,240,NA,NA,SCULPSTG.17,BLAQ.17
2017,BLAQ,A,8/6/2017,20170806,1216,8/7/2017,20170806,1114,23.97,minnow,3,Pacific staghorn sculpin,Leptocottus armatus,SCULPSTG,fish,NA,NA,238,NA,NA,SCULPSTG.17,BLAQ.17
2017,BLAQ,A,8/6/2017,20170806,1216,8/7/2017,20170806,1114,23.97,minnow,3,Pacific staghorn sculpin,Leptocottus armatus,SCULPSTG,fish,NA,NA,230,NA,NA,SCULPSTG.17,BLAQ.17
2017,BLAQ,A,8/6/2017,20170806,1216,8/7/2017,20170806,1114,23.97,minnow,3,Red rock crab,Cancer productus,CRABRR,invertebrate,101,F,NA,NA,NA,CRABRR.17,BLAQ.17
2017,BLAQ,A,8/6/2017,20170806,1216,8/7/2017,20170806,1114,23.97,minnow,3,Sunflower sea star,Pycnopodia helianthoides,STARPYCN,invertebrate,NA,NA,NA,NA,53mm,STARPYCN.17,BLAQ.17
2017,BLAQ,A,8/6/2017,20170806,1216,8/7/2017,20170806,1114,23.97,shrimp,3,Metacarcinus spp.,Metacarcinus spp.,CRABMET,invertebrate,66,F,NA,NA,NA,CRABMET.17,BLAQ.17
2017,BLAQ,A,8/6/2017,20170806,1216,8/7/2017,20170806,1114,23.97,shrimp,3,Metacarcinus spp.,Metacarcinus spp.,CRABMET,invertebrate,49,M,NA,NA,NA,CRABMET.17,BLAQ.17
2017,SODA,A,5/26/2017,20170526,1015,5/27/2017,20170526,934,23.32,minnow,1,Red rock crab,Cancer productus,CRABRR,invertebrate,121,M,NA,NA,NA,CRABRR.17,SODA.17
2017,SODA,A,5/26/2017,20170526,1015,5/27/2017,20170526,934,23.32,minnow,1,Red rock crab,Cancer productus,CRABRR,invertebrate,109,M,NA,NA,NA,CRABRR.17,SODA.17
2017,SODA,A,5/26/2017,20170526,1015,5/27/2017,20170526,934,23.32,minnow,1,Red rock crab,Cancer productus,CRABRR,invertebrate,131,M,NA,NA,NA,CRABRR.17,SODA.17
2017,SODA,A,5/26/2017,20170526,1015,5/27/2017,20170526,934,23.32,minnow,1,Pacific staghorn sculpin,Leptocottus armatus,SCULPSTG,fish,NA,NA,286,NA,NA,SCULPSTG.17,SODA.17
2017,SODA,A,5/26/2017,20170526,1015,5/27/2017,20170526,934,23.32,minnow,2,Red rock crab,Cancer productus,CRABRR,invertebrate,103,M,NA,NA,NA,CRABRR.17,SODA.17
2017,SODA,A,5/26/2017,20170526,1015,5/27/2017,20170526,934,23.32,minnow,2,Metacarcinus spp.,Metacarcinus spp.,CRABMET,invertebrate,58,M,NA,NA,NA,CRABMET.17,SODA.17
2017,SODA,A,5/26/2017,20170526,1015,5/27/2017,20170526,934,23.32,minnow,2,Pacific staghorn sculpin,Leptocottus armatus,SCULPSTG,fish,NA,NA,220,NA,NA,SCULPSTG.17,SODA.17
2017,SODA,A,5/26/2017,20170526,1015,5/27/2017,20170526,934,23.32,shrimp,2,unidentified sea star,Asteroidea spp.,UNSTAR,invertebrate,NA,NA,NA,1,NA,UNSTAR.17,SODA.17
2017,SODA,A,5/26/2017,20170526,1015,5/27/2017,20170526,934,23.32,shrimp,2,Metacarcinus spp.,Metacarcinus spp.,CRABMET,invertebrate,37,M,NA,NA,NA,CRABMET.17,SODA.17
2017,SODA,A,5/26/2017,20170526,1015,5/27/2017,20170526,934,23.32,shrimp,2,Metacarcinus spp.,Metacarcinus spp.,CRABMET,invertebrate,37,M,NA,NA,NA,CRABMET.17,SODA.17
2017,SODA,A,5/26/2017,20170526,1015,5/27/2017,20170526,934,23.32,minnow,3,Metacarcinus spp.,Metacarcinus spp.,CRABMET,invertebrate,45,M,NA,NA,NA,CRABMET.17,SODA.17
2017,SODA,A,5/26/2017,20170526,1015,5/27/2017,20170526,934,23.32,minnow,3,Metacarcinus spp.,Metacarcinus spp.,CRABMET,invertebrate,55,F,NA,NA,NA,CRABMET.17,SODA.17
2017,SODA,A,5/26/2017,20170526,1015,5/27/2017,20170526,934,23.32,minnow,3,Metacarcinus spp.,Metacarcinus spp.,CRABMET,invertebrate,40,M,NA,NA,NA,CRABMET.17,SODA.17
2017,SODA,A,5/26/2017,20170526,1015,5/27/2017,20170526,934,23.32,minnow,3,Metacarcinus spp.,Metacarcinus spp.,CRABMET,invertebrate,63,F,NA,NA,NA,CRABMET.17,SODA.17
2017,SODA,A,5/26/2017,20170526,1015,5/27/2017,20170526,934,23.32,minnow,3,Metacarcinus spp.,Metacarcinus spp.,CRABMET,invertebrate,55,M,NA,NA,NA,CRABMET.17,SODA.17
2017,SODA,A,5/26/2017,20170526,1015,5/27/2017,20170526,934,23.32,minnow,3,Metacarcinus spp.,Metacarcinus spp.,CRABMET,invertebrate,76,M,NA,NA,NA,CRABMET.17,SODA.17
2017,SODA,A,5/26/2017,20170526,1015,5/27/2017,20170526,934,23.32,minnow,3,Metacarcinus spp.,Metacarcinus spp.,CRABMET,invertebrate,54,F,NA,NA,NA,CRABMET.17,SODA.17
2017,SODA,A,5/26/2017,20170526,1015,5/27/2017,20170526,934,23.32,minnow,3,Pacific staghorn sculpin,Leptocottus armatus,SCULPSTG,fish,NA,NA,200,NA,NA,SCULPSTG.17,SODA.17
2017,SODA,A,5/26/2017,20170526,1015,5/27/2017,20170526,934,23.32,minnow,3,Pacific staghorn sculpin,Leptocottus armatus,SCULPSTG,fish,NA,NA,240,NA,NA,SCULPSTG.17,SODA.17
2017,SODA,A,5/26/2017,20170526,1015,5/27/2017,20170526,934,23.32,shrimp,3,Metacarcinus spp.,Metacarcinus spp.,CRABMET,invertebrate,41,F,NA,NA,NA,CRABMET.17,SODA.17
2017,SODA,A,5/26/2017,20170526,1015,5/27/2017,20170526,934,23.32,shrimp,3,Metacarcinus spp.,Metacarcinus spp.,CRABMET,invertebrate,50,F,NA,NA,NA,CRABMET.17,SODA.17
2017,SODA,A,5/26/2017,20170526,1015,5/27/2017,20170526,934,23.32,shrimp,3,Decorator crab,Oregonia gracilis,CRABDEC,invertebrate,20,M,NA,NA,NA,CRABDEC.17,SODA.17
2017,GOAT,A,5/26/2017,20170526,1120,5/27/2017,20170526,1045,23.42,minnow,1,Red rock crab,Cancer productus,CRABRR,invertebrate,157,M,NA,NA,NA,CRABRR.17,GOAT.17
2017,GOAT,A,5/26/2017,20170526,1120,5/27/2017,20170526,1045,23.42,minnow,1,Red rock crab,Cancer productus,CRABRR,invertebrate,140,M,NA,NA,NA,CRABRR.17,GOAT.17
2017,GOAT,A,5/26/2017,20170526,1120,5/27/2017,20170526,1045,23.42,minnow,1,Red rock crab,Cancer productus,CRABRR,invertebrate,130,U,NA,NA,NA,CRABRR.17,GOAT.17
2017,GOAT,A,5/26/2017,20170526,1120,5/27/2017,20170526,1045,23.42,minnow,1,Red rock crab,Cancer productus,CRABRR,invertebrate,151,M,NA,NA,NA,CRABRR.17,GOAT.17
2017,GOAT,A,5/26/2017,20170526,1120,5/27/2017,20170526,1045,23.42,minnow,1,Red rock crab,Cancer productus,CRABRR,invertebrate,109,F,NA,NA,NA,CRABRR.17,GOAT.17
2017,GOAT,A,5/26/2017,20170526,1120,5/27/2017,20170526,1045,23.42,minnow,1,Red rock crab,Cancer productus,CRABRR,invertebrate,110,M,NA,NA,NA,CRABRR.17,GOAT.17
2017,GOAT,A,5/26/2017,20170526,1120,5/27/2017,20170526,1045,23.42,minnow,1,Red rock crab,Cancer productus,CRABRR,invertebrate,109,F,NA,NA,NA,CRABRR.17,GOAT.17
2017,GOAT,A,5/26/2017,20170526,1120,5/27/2017,20170526,1045,23.42,minnow,1,Red rock crab,Cancer productus,CRABRR,invertebrate,130,U,NA,NA,NA,CRABRR.17,GOAT.17
2017,GOAT,A,5/26/2017,20170526,1120,5/27/2017,20170526,1045,23.42,minnow,1,Red rock crab,Cancer productus,CRABRR,invertebrate,144,M,NA,NA,NA,CRABRR.17,GOAT.17
2017,GOAT,A,5/26/2017,20170526,1120,5/27/2017,20170526,1045,23.42,minnow,1,Red rock crab,Cancer productus,CRABRR,invertebrate,188,M,NA,NA,NA,CRABRR.17,GOAT.17
2017,GOAT,A,5/26/2017,20170526,1120,5/27/2017,20170526,1045,23.42,minnow,1,Red rock crab,Cancer productus,CRABRR,invertebrate,140,M,NA,NA,NA,CRABRR.17,GOAT.17
2017,GOAT,A,5/26/2017,20170526,1120,5/27/2017,20170526,1045,23.42,minnow,1,Red rock crab,Cancer productus,CRABRR,invertebrate,138,M,NA,NA,NA,CRABRR.17,GOAT.17
2017,GOAT,A,5/26/2017,20170526,1120,5/27/2017,20170526,1045,23.42,minnow,1,Metacarcinus spp.,Metacarcinus spp.,CRABMET,invertebrate,81,M,NA,NA,NA,CRABMET.17,GOAT.17
2017,GOAT,A,5/26/2017,20170526,1120,5/27/2017,20170526,1045,23.42,minnow,1,Helmet crab,Telmessus cheiragonus,CRABHEL,invertebrate,60,M,NA,NA,NA,CRABHEL.17,GOAT.17
2017,GOAT,A,5/26/2017,20170526,1120,5/27/2017,20170526,1045,23.42,minnow,1,Pacific staghorn sculpin,Leptocottus armatus,SCULPSTG,fish,NA,NA,215,NA,NA,SCULPSTG.17,GOAT.17
2017,GOAT,A,5/26/2017,20170526,1120,5/27/2017,20170526,1045,23.42,minnow,1,Pacific staghorn sculpin,Leptocottus armatus,SCULPSTG,fish,NA,NA,205,NA,NA,SCULPSTG.17,GOAT.17
2017,GOAT,A,5/26/2017,20170526,1120,5/27/2017,20170526,1045,23.42,minnow,1,Pacific staghorn sculpin,Leptocottus armatus,SCULPSTG,fish,NA,NA,257,NA,NA,SCULPSTG.17,GOAT.17
2017,GOAT,A,5/26/2017,20170526,1120,5/27/2017,20170526,1045,23.42,shrimp,1,Red rock crab,Cancer productus,CRABRR,invertebrate,118,M,NA,NA,NA,CRABRR.17,GOAT.17
2017,GOAT,A,5/26/2017,20170526,1120,5/27/2017,20170526,1045,23.42,minnow,2,Red rock crab,Cancer productus,CRABRR,invertebrate,101,F,NA,NA,NA,CRABRR.17,GOAT.17
2017,GOAT,A,5/26/2017,20170526,1120,5/27/2017,20170526,1045,23.42,minnow,2,Red rock crab,Cancer productus,CRABRR,invertebrate,138,M,NA,NA,NA,CRABRR.17,GOAT.17
2017,GOAT,A,5/26/2017,20170526,1120,5/27/2017,20170526,1045,23.42,minnow,2,Metacarcinus spp.,Metacarcinus spp.,CRABMET,invertebrate,58,M,NA,NA,NA,CRABMET.17,GOAT.17
2017,GOAT,A,5/26/2017,20170526,1120,5/27/2017,20170526,1045,23.42,minnow,3,Red rock crab,Cancer productus,CRABRR,invertebrate,154,M,NA,NA,NA,CRABRR.17,GOAT.17
2017,GOAT,A,5/26/2017,20170526,1120,5/27/2017,20170526,1045,23.42,minnow,3,Red rock crab,Cancer productus,CRABRR,invertebrate,142,M,NA,NA,NA,CRABRR.17,GOAT.17
2017,GOAT,A,5/26/2017,20170526,1120,5/27/2017,20170526,1045,23.42,minnow,3,Metacarcinus spp.,Metacarcinus spp.,CRABMET,invertebrate,62,M,NA,NA,NA,CRABMET.17,GOAT.17
2017,GOAT,A,5/26/2017,20170526,1120,5/27/2017,20170526,1045,23.42,minnow,3,Metacarcinus spp.,Metacarcinus spp.,CRABMET,invertebrate,82,M,NA,NA,NA,CRABMET.17,GOAT.17
2017,GOAT,A,5/26/2017,20170526,1120,5/27/2017,20170526,1045,23.42,minnow,3,Metacarcinus spp.,Metacarcinus spp.,CRABMET,invertebrate,86,M,NA,NA,NA,CRABMET.17,GOAT.17
2017,GOAT,A,5/26/2017,20170526,1120,5/27/2017,20170526,1045,23.42,minnow,3,Pacific staghorn sculpin,Leptocottus armatus,SCULPSTG,fish,NA,NA,225,NA,NA,SCULPSTG.17,GOAT.17
2017,GOAT,A,5/26/2017,20170526,1120,5/27/2017,20170526,1045,23.42,minnow,3,Pacific staghorn sculpin,Leptocottus armatus,SCULPSTG,fish,NA,NA,213,NA,NA,SCULPSTG.17,GOAT.17
2017,NPAS,A,5/26/2017,20170526,1215,5/26/2017,20170526,1140,23.42,minnow,1,Metacarcinus spp.,Metacarcinus spp.,CRABMET,invertebrate,90,M,NA,NA,NA,CRABMET.17,NPAS.17
2017,NPAS,A,5/26/2017,20170526,1215,5/26/2017,20170526,1140,23.42,minnow,1,Metacarcinus spp.,Metacarcinus spp.,CRABMET,invertebrate,76,M,NA,NA,NA,CRABMET.17,NPAS.17
2017,NPAS,A,5/26/2017,20170526,1215,5/26/2017,20170526,1140,23.42,minnow,1,Metacarcinus spp.,Metacarcinus spp.,CRABMET,invertebrate,90,M,NA,NA,NA,CRABMET.17,NPAS.17
2017,NPAS,A,5/26/2017,20170526,1215,5/26/2017,20170526,1140,23.42,minnow,1,Metacarcinus spp.,Metacarcinus spp.,CRABMET,invertebrate,88,M,NA,NA,NA,CRABMET.17,NPAS.17
2017,NPAS,A,5/26/2017,20170526,1215,5/26/2017,20170526,1140,23.42,minnow,1,Metacarcinus spp.,Metacarcinus spp.,CRABMET,invertebrate,86,M,NA,NA,NA,CRABMET.17,NPAS.17
2017,NPAS,A,5/26/2017,20170526,1215,5/26/2017,20170526,1140,23.42,minnow,1,Red rock crab,Cancer productus,CRABRR,invertebrate,108,M,NA,NA,NA,CRABRR.17,NPAS.17
2017,NPAS,A,5/26/2017,20170526,1215,5/26/2017,20170526,1140,23.42,minnow,2,Pacific staghorn sculpin,Leptocottus armatus,SCULPSTG,fish,NA,NA,153,NA,NA,SCULPSTG.17,NPAS.17
2017,NPAS,A,5/26/2017,20170526,1215,5/26/2017,20170526,1140,23.42,minnow,3,Helmet crab,Telmessus cheiragonus,CRABHEL,invertebrate,45,M,NA,NA,NA,CRABHEL.17,NPAS.17
2017,NPAS,A,5/26/2017,20170526,1215,5/26/2017,20170526,1140,23.42,minnow,3,Red rock crab,Cancer productus,CRABRR,invertebrate,110,M,NA,NA,NA,CRABRR.17,NPAS.17
2017,NPAS,A,5/26/2017,20170526,1215,5/26/2017,20170526,1140,23.42,minnow,3,Red rock crab,Cancer productus,CRABRR,invertebrate,156,M,NA,NA,NA,CRABRR.17,NPAS.17
2017,NPAS,A,5/26/2017,20170526,1215,5/26/2017,20170526,1140,23.42,minnow,3,Red rock crab,Cancer productus,CRABRR,invertebrate,132,M,NA,NA,NA,CRABRR.17,NPAS.17
2017,NPAS,A,5/26/2017,20170526,1215,5/26/2017,20170526,1140,23.42,minnow,3,Red rock crab,Cancer productus,CRABRR,invertebrate,122,M,NA,NA,NA,CRABRR.17,NPAS.17
2017,NPAS,A,5/26/2017,20170526,1215,5/26/2017,20170526,1140,23.42,minnow,3,Red rock crab,Cancer productus,CRABRR,invertebrate,135,M,NA,NA,NA,CRABRR.17,NPAS.17
2017,NPAS,A,5/26/2017,20170526,1215,5/26/2017,20170526,1140,23.42,shrimp,3,Red rock crab,Cancer productus,CRABRR,invertebrate,80,M,NA,NA,NA,CRABRR.17,NPAS.17
2017,NATZ,A,6/27/2017,20170627,1015,6/28/2017,20170628,1010,23.92,minnow,1,Pacific staghorn sculpin,Leptocottus armatus,SCULPSTG,fish,NA,NA,270,NA,NA,SCULPSTG.17,NATZ.17
2017,NATZ,A,6/27/2017,20170627,1015,6/28/2017,20170628,1010,23.92,minnow,1,Pacific staghorn sculpin,Leptocottus armatus,SCULPSTG,fish,NA,NA,198,NA,NA,SCULPSTG.17,NATZ.17
2017,NATZ,A,6/27/2017,20170627,1015,6/28/2017,20170628,1010,23.92,minnow,1,English sole,Parophrys vetulus,SOLEENG,fish,NA,NA,163,NA,NA,SOLEENG.17,NATZ.17
2017,NATZ,A,6/27/2017,20170627,1015,6/28/2017,20170628,1010,23.92,shrimp,1,Metacarcinus spp.,Metacarcinus spp.,CRABMET,invertebrate,89,M,NA,NA,NA,CRABMET.17,NATZ.17
2017,NATZ,A,6/27/2017,20170627,1015,6/28/2017,20170628,1010,23.92,shrimp,1,Metacarcinus spp.,Metacarcinus spp.,CRABMET,invertebrate,57,M,NA,NA,NA,CRABMET.17,NATZ.17
2017,NATZ,A,6/27/2017,20170627,1015,6/28/2017,20170628,1010,23.92,minnow,2,Red rock crab,Cancer productus,CRABRR,invertebrate,171,M,NA,NA,NA,CRABRR.17,NATZ.17
2017,NATZ,A,6/27/2017,20170627,1015,6/28/2017,20170628,1010,23.92,minnow,2,Red rock crab,Cancer productus,CRABRR,invertebrate,113,F,NA,NA,NA,CRABRR.17,NATZ.17
2017,NATZ,A,6/27/2017,20170627,1015,6/28/2017,20170628,1010,23.92,minnow,2,Metacarcinus spp.,Metacarcinus spp.,CRABMET,invertebrate,180,F,NA,NA,NA,CRABMET.17,NATZ.17
2017,NATZ,A,6/27/2017,20170627,1015,6/28/2017,20170628,1010,23.92,shrimp,2,Metacarcinus spp.,Metacarcinus spp.,CRABMET,invertebrate,40,M,NA,NA,NA,CRABMET.17,NATZ.17
2017,NATZ,A,6/27/2017,20170627,1015,6/28/2017,20170628,1010,23.92,minnow,3,Pacific staghorn sculpin,Leptocottus armatus,SCULPSTG,fish,NA,NA,216,NA,NA,SCULPSTG.17,NATZ.17
2017,NATZ,A,6/27/2017,20170627,1015,6/28/2017,20170628,1010,23.92,minnow,3,Red rock crab,Cancer productus,CRABRR,invertebrate,155,M,NA,NA,NA,CRABRR.17,NATZ.17
2017,NATZ,A,6/27/2017,20170627,1015,6/28/2017,20170628,1010,23.92,minnow,3,Red rock crab,Cancer productus,CRABRR,invertebrate,134,M,NA,NA,NA,CRABRR.17,NATZ.17
2017,NATZ,A,6/27/2017,20170627,1015,6/28/2017,20170628,1010,23.92,minnow,3,Red rock crab,Cancer productus,CRABRR,invertebrate,140,M,NA,NA,NA,CRABRR.17,NATZ.17
2017,NATZ,A,6/27/2017,20170627,1015,6/28/2017,20170628,1010,23.92,minnow,3,Metacarcinus spp.,Metacarcinus spp.,CRABMET,invertebrate,89,M,NA,NA,NA,CRABMET.17,NATZ.17
2017,NATZ,A,6/27/2017,20170627,1015,6/28/2017,20170628,1010,23.92,minnow,3,Ochre seastar,Pisaster ochraceus,STAROCH,invertebrate,NA,NA,122,NA,NA,STAROCH.17,NATZ.17
2017,NATZ,A,6/27/2017,20170627,1015,6/28/2017,20170628,1010,23.92,shrimp,3,Red rock crab,Cancer productus,CRABRR,invertebrate,84,M,NA,NA,NA,CRABRR.17,NATZ.17
2017,NATZ,A,6/27/2017,20170627,1015,6/28/2017,20170628,1010,23.92,shrimp,3,Red rock crab,Cancer productus,CRABRR,invertebrate,112,F,NA,NA,NA,CRABRR.17,NATZ.17
2017,DUNB,A,6/27/2017,20170627,1210,6/28/2017,20170628,1213,24.05,minnow,1,Great sculpin,Myoxocephalus polyacanthocephalus,SCULGRT,fish,NA,NA,355,NA,NA,SCULGRT.17,DUNB.17
2017,DUNB,A,6/27/2017,20170627,1210,6/28/2017,20170628,1213,24.05,minnow,1,Pacific staghorn sculpin,Leptocottus armatus,SCULPSTG,fish,NA,NA,195,NA,NA,SCULPSTG.17,DUNB.17
2017,DUNB,A,6/27/2017,20170627,1210,6/28/2017,20170628,1213,24.05,minnow,1,Pacific staghorn sculpin,Leptocottus armatus,SCULPSTG,fish,NA,NA,249,NA,NA,SCULPSTG.17,DUNB.17
2017,DUNB,A,6/27/2017,20170627,1210,6/28/2017,20170628,1213,24.05,minnow,1,Pacific staghorn sculpin,Leptocottus armatus,SCULPSTG,fish,NA,NA,164,NA,NA,SCULPSTG.17,DUNB.17
2017,DUNB,A,6/27/2017,20170627,1210,6/28/2017,20170628,1213,24.05,minnow,1,Red rock crab,Cancer productus,CRABRR,invertebrate,136,F,NA,NA,NA,CRABRR.17,DUNB.17
2017,DUNB,A,6/27/2017,20170627,1210,6/28/2017,20170628,1213,24.05,minnow,1,Red rock crab,Cancer productus,CRABRR,invertebrate,155,M,NA,NA,NA,CRABRR.17,DUNB.17
2017,DUNB,A,6/27/2017,20170627,1210,6/28/2017,20170628,1213,24.05,minnow,1,Metacarcinus spp.,Metacarcinus spp.,CRABMET,invertebrate,75,M,NA,NA,NA,CRABMET.17,DUNB.17
2017,DUNB,A,6/27/2017,20170627,1210,6/28/2017,20170628,1213,24.05,minnow,1,Metacarcinus spp.,Metacarcinus spp.,CRABMET,invertebrate,101,M,NA,NA,NA,CRABMET.17,DUNB.17
2017,DUNB,A,6/27/2017,20170627,1210,6/28/2017,20170628,1213,24.05,minnow,1,Metacarcinus spp.,Metacarcinus spp.,CRABMET,invertebrate,119,M,NA,NA,NA,CRABMET.17,DUNB.17
2017,DUNB,A,6/27/2017,20170627,1210,6/28/2017,20170628,1213,24.05,minnow,1,Metacarcinus spp.,Metacarcinus spp.,CRABMET,invertebrate,84,M,NA,NA,NA,CRABMET.17,DUNB.17
2017,DUNB,A,6/27/2017,20170627,1210,6/28/2017,20170628,1213,24.05,minnow,1,Metacarcinus spp.,Metacarcinus spp.,CRABMET,invertebrate,71,M,NA,NA,NA,CRABMET.17,DUNB.17
2017,DUNB,A,6/27/2017,20170627,1210,6/28/2017,20170628,1213,24.05,minnow,1,Metacarcinus spp.,Metacarcinus spp.,CRABMET,invertebrate,75,M,NA,NA,NA,CRABMET.17,DUNB.17
2017,DUNB,A,6/27/2017,20170627,1210,6/28/2017,20170628,1213,24.05,minnow,3,Pacific staghorn sculpin,Leptocottus armatus,SCULPSTG,fish,NA,NA,210,NA,NA,SCULPSTG.17,DUNB.17
2017,DUNB,A,6/27/2017,20170627,1210,6/28/2017,20170628,1213,24.05,minnow,3,Metacarcinus spp.,Metacarcinus spp.,CRABMET,invertebrate,74,F,NA,NA,NA,CRABMET.17,DUNB.17
2017,DUNB,A,6/27/2017,20170627,1210,6/28/2017,20170628,1213,24.05,minnow,3,Metacarcinus spp.,Metacarcinus spp.,CRABMET,invertebrate,80,F,NA,NA,NA,CRABMET.17,DUNB.17
2017,DUNB,A,6/27/2017,20170627,1210,6/28/2017,20170628,1213,24.05,minnow,3,Metacarcinus spp.,Metacarcinus spp.,CRABMET,invertebrate,76,F,NA,NA,NA,CRABMET.17,DUNB.17
2017,DUNB,A,6/27/2017,20170627,1210,6/28/2017,20170628,1213,24.05,minnow,3,Metacarcinus spp.,Metacarcinus spp.,CRABMET,invertebrate,78,M,NA,NA,NA,CRABMET.17,DUNB.17
2017,DUNB,A,6/27/2017,20170627,1210,6/28/2017,20170628,1213,24.05,minnow,3,Metacarcinus spp.,Metacarcinus spp.,CRABMET,invertebrate,79,M,NA,NA,NA,CRABMET.17,DUNB.17
2017,DUNB,A,6/27/2017,20170627,1210,6/28/2017,20170628,1213,24.05,minnow,3,Unidentified rock crab,Cancridae spp.,UNRKCB,invertebrate,NA,NA,NA,1,NA,UNRKCB.17,DUNB.17
2017,DUNB,A,6/27/2017,20170627,1210,6/28/2017,20170628,1213,24.05,shrimp,3,Metacarcinus spp.,Metacarcinus spp.,CRABMET,invertebrate,51,M,NA,NA,NA,CRABMET.17,DUNB.17
2017,DUNB,A,6/27/2017,20170627,1210,6/28/2017,20170628,1213,24.05,shrimp,3,Metacarcinus spp.,Metacarcinus spp.,CRABMET,invertebrate,71,F,NA,NA,NA,CRABMET.17,DUNB.17
2017,FARA,A,8/10/2017,20170810,804,8/11/2017,20170811,914,25.17,minnow,1,Copper rockfish,Sebastes caurinus,ROCKCOP,fish,NA,NA,280,NA,NA,ROCKCOP.17,FARA.17
2017,FARA,A,8/10/2017,20170810,804,8/11/2017,20170811,914,25.17,minnow,1,Copper rockfish,Sebastes caurinus,ROCKCOP,fish,NA,NA,315,NA,NA,ROCKCOP.17,FARA.17
2017,FARA,A,8/10/2017,20170810,804,8/11/2017,20170811,914,25.17,shrimp,1,Brown rockfish,Sebastes auriculatus,ROCKBRO,fish,NA,NA,220,NA,NA,ROCKBRO.17,FARA.17
2017,FARA,A,8/10/2017,20170810,804,8/11/2017,20170811,914,25.17,shrimp,1,Red rock crab,Cancer productus,CRABRR,invertebrate,94,M,NA,NA,NA,CRABRR.17,FARA.17
2017,FARA,A,8/10/2017,20170810,804,8/11/2017,20170811,914,25.17,shrimp,1,Red rock crab,Cancer productus,CRABRR,invertebrate,110,M,NA,NA,NA,CRABRR.17,FARA.17
2017,FARA,A,8/10/2017,20170810,804,8/11/2017,20170811,914,25.17,shrimp,1,Red rock crab,Cancer productus,CRABRR,invertebrate,107,F,NA,NA,NA,CRABRR.17,FARA.17
2017,FARA,A,8/10/2017,20170810,804,8/11/2017,20170811,914,25.17,shrimp,1,Red rock crab,Cancer productus,CRABRR,invertebrate,104,M,NA,NA,NA,CRABRR.17,FARA.17
2017,FARA,A,8/10/2017,20170810,804,8/11/2017,20170811,914,25.17,shrimp,1,Red rock crab,Cancer productus,CRABRR,invertebrate,110,F,NA,NA,NA,CRABRR.17,FARA.17
2017,FARA,A,8/10/2017,20170810,804,8/11/2017,20170811,914,25.17,shrimp,1,Red rock crab,Cancer productus,CRABRR,invertebrate,100,F,NA,NA,NA,CRABRR.17,FARA.17
2017,FARA,A,8/10/2017,20170810,804,8/11/2017,20170811,914,25.17,minnow,3,Copper rockfish,Sebastes caurinus,ROCKCOP,fish,NA,NA,285,NA,NA,ROCKCOP.17,FARA.17
2017,FARA,A,8/10/2017,20170810,804,8/11/2017,20170811,914,25.17,minnow,2,Brown rockfish,Sebastes auriculatus,ROCKBRO,fish,NA,NA,270,NA,NA,ROCKBRO.17,FARA.17
2017,FARA,A,8/10/2017,20170810,804,8/11/2017,20170811,914,25.17,minnow,2,Pacific staghorn sculpin,Leptocottus armatus,SCULPSTG,fish,NA,NA,240,NA,NA,SCULPSTG.17,FARA.17
2017,FARA,A,8/10/2017,20170810,804,8/11/2017,20170811,914,25.17,minnow,2,Pacific staghorn sculpin,Leptocottus armatus,SCULPSTG,fish,NA,NA,300,NA,NA,SCULPSTG.17,FARA.17
2017,FARA,A,8/10/2017,20170810,804,8/11/2017,20170811,914,25.17,minnow,2,Pacific staghorn sculpin,Leptocottus armatus,SCULPSTG,fish,NA,NA,235,NA,NA,SCULPSTG.17,FARA.17
2017,FARA,A,8/10/2017,20170810,804,8/11/2017,20170811,914,25.17,minnow,2,Red rock crab,Cancer productus,CRABRR,invertebrate,125,M,NA,NA,NA,CRABRR.17,FARA.17
2017,FARA,A,8/10/2017,20170810,804,8/11/2017,20170811,914,25.17,minnow,2,Red rock crab,Cancer productus,CRABRR,invertebrate,97,F,NA,NA,NA,CRABRR.17,FARA.17
2017,FARA,A,8/10/2017,20170810,804,8/11/2017,20170811,914,25.17,minnow,2,Red rock crab,Cancer productus,CRABRR,invertebrate,102,F,NA,NA,NA,CRABRR.17,FARA.17
2017,FARA,A,8/10/2017,20170810,804,8/11/2017,20170811,914,25.17,minnow,2,Red rock crab,Cancer productus,CRABRR,invertebrate,66,M,NA,NA,NA,CRABRR.17,FARA.17
2017,FARA,A,8/10/2017,20170810,804,8/11/2017,20170811,914,25.17,minnow,2,Red rock crab,Cancer productus,CRABRR,invertebrate,112,M,NA,NA,NA,CRABRR.17,FARA.17
2017,FARA,A,8/10/2017,20170810,804,8/11/2017,20170811,914,25.17,minnow,2,Red rock crab,Cancer productus,CRABRR,invertebrate,120,M,NA,NA,NA,CRABRR.17,FARA.17
2017,FARA,A,8/10/2017,20170810,804,8/11/2017,20170811,914,25.17,minnow,2,Metacarcinus spp.,Metacarcinus spp.,CRABMET,invertebrate,80,M,NA,NA,NA,CRABMET.17,FARA.17
2017,FARA,A,8/10/2017,20170810,804,8/11/2017,20170811,914,25.17,minnow,2,Metacarcinus spp.,Metacarcinus spp.,CRABMET,invertebrate,85,M,NA,NA,NA,CRABMET.17,FARA.17
2017,FARA,A,8/10/2017,20170810,804,8/11/2017,20170811,914,25.17,shrimp,2,Metacarcinus spp.,Metacarcinus spp.,CRABMET,invertebrate,79,M,NA,NA,NA,CRABMET.17,FARA.17
2017,FARA,A,8/10/2017,20170810,804,8/11/2017,20170811,914,25.17,shrimp,2,Metacarcinus spp.,Metacarcinus spp.,CRABMET,invertebrate,78,M,NA,NA,NA,CRABMET.17,FARA.17
2017,HETA,A,8/10/2017,20170810,1105,8/11/2017,20170811,1300,26.92,minnow,1,Pacific staghorn sculpin,Leptocottus armatus,SCULPSTG,fish,NA,NA,320,NA,NA,SCULPSTG.17,HETA.17
2017,HETA,A,8/10/2017,20170810,1105,8/11/2017,20170811,1300,26.92,minnow,1,Pacific staghorn sculpin,Leptocottus armatus,SCULPSTG,fish,NA,NA,240,NA,NA,SCULPSTG.17,HETA.17
2017,HETA,A,8/10/2017,20170810,1105,8/11/2017,20170811,1300,26.92,minnow,1,Red rock crab,Cancer productus,CRABRR,invertebrate,96,F,NA,NA,NA,CRABRR.17,HETA.17
2017,HETA,A,8/10/2017,20170810,1105,8/11/2017,20170811,1300,26.92,minnow,1,Red rock crab,Cancer productus,CRABRR,invertebrate,112,F,NA,NA,NA,CRABRR.17,HETA.17
2017,HETA,A,8/10/2017,20170810,1105,8/11/2017,20170811,1300,26.92,shrimp,1,Pacific staghorn sculpin,Leptocottus armatus,SCULPSTG,fish,NA,NA,195,NA,NA,SCULPSTG.17,HETA.17
2017,HETA,A,8/10/2017,20170810,1105,8/11/2017,20170811,1300,26.92,shrimp,1,Red rock crab,Cancer productus,CRABRR,invertebrate,115,M,NA,NA,NA,CRABRR.17,HETA.17
2017,HETA,A,8/10/2017,20170810,1105,8/11/2017,20170811,1300,26.92,minnow,2,Pacific staghorn sculpin,Leptocottus armatus,SCULPSTG,fish,NA,NA,255,NA,NA,SCULPSTG.17,HETA.17
2017,HETA,A,8/10/2017,20170810,1105,8/11/2017,20170811,1300,26.92,minnow,2,Pacific staghorn sculpin,Leptocottus armatus,SCULPSTG,fish,NA,NA,214,NA,NA,SCULPSTG.17,HETA.17
2017,HETA,A,8/10/2017,20170810,1105,8/11/2017,20170811,1300,26.92,minnow,2,Metacarcinus spp.,Metacarcinus spp.,CRABMET,invertebrate,106,M,NA,NA,NA,CRABMET.17,HETA.17
2017,HETA,A,8/10/2017,20170810,1105,8/11/2017,20170811,1300,26.92,minnow,2,Metacarcinus spp.,Metacarcinus spp.,CRABMET,invertebrate,65,M,NA,NA,NA,CRABMET.17,HETA.17
2017,HETA,A,8/10/2017,20170810,1105,8/11/2017,20170811,1300,26.92,minnow,2,Spiny dogfish,Squalus acanthias,DOGFISH,fish,NA,F,720,NA,NA,DOGFISH.17,HETA.17
2017,HETA,A,8/10/2017,20170810,1105,8/11/2017,20170811,1300,26.92,shrimp,2,Red rock crab,Cancer productus,CRABRR,invertebrate,100,M,NA,NA,NA,CRABRR.17,HETA.17
2017,HETA,A,8/10/2017,20170810,1105,8/11/2017,20170811,1300,26.92,shrimp,2,Red rock crab,Cancer productus,CRABRR,invertebrate,99,M,NA,NA,NA,CRABRR.17,HETA.17
2017,HETA,A,8/10/2017,20170810,1105,8/11/2017,20170811,1300,26.92,shrimp,2,Red rock crab,Cancer productus,CRABRR,invertebrate,110,F,NA,NA,NA,CRABRR.17,HETA.17
2017,HETA,A,8/10/2017,20170810,1105,8/11/2017,20170811,1300,26.92,minnow,3,Pacific staghorn sculpin,Leptocottus armatus,SCULPSTG,fish,NA,NA,200,NA,NA,SCULPSTG.17,HETA.17
2017,HETA,A,8/10/2017,20170810,1105,8/11/2017,20170811,1300,26.92,minnow,3,Pacific staghorn sculpin,Leptocottus armatus,SCULPSTG,fish,NA,NA,240,NA,NA,SCULPSTG.17,HETA.17
2017,HETA,A,8/10/2017,20170810,1105,8/11/2017,20170811,1300,26.92,minnow,3,Pacific staghorn sculpin,Leptocottus armatus,SCULPSTG,fish,NA,NA,230,NA,NA,SCULPSTG.17,HETA.17
2017,HETA,A,8/10/2017,20170810,1105,8/11/2017,20170811,1300,26.92,minnow,3,Metacarcinus spp.,Metacarcinus spp.,CRABMET,invertebrate,86,F,NA,NA,NA,CRABMET.17,HETA.17
2017,HETA,A,8/10/2017,20170810,1105,8/11/2017,20170811,1300,26.92,minnow,3,Metacarcinus spp.,Metacarcinus spp.,CRABMET,invertebrate,60,F,NA,NA,NA,CRABMET.17,HETA.17
2017,HETA,A,8/10/2017,20170810,1105,8/11/2017,20170811,1300,26.92,minnow,3,Metacarcinus spp.,Metacarcinus spp.,CRABMET,invertebrate,80,M,NA,NA,NA,CRABMET.17,HETA.17
2017,HETA,A,8/10/2017,20170810,1105,8/11/2017,20170811,1300,26.92,minnow,3,Metacarcinus spp.,Metacarcinus spp.,CRABMET,invertebrate,78,M,NA,NA,NA,CRABMET.17,HETA.17
2017,HETA,A,8/10/2017,20170810,1105,8/11/2017,20170811,1300,26.92,minnow,3,Red rock crab,Cancer productus,CRABRR,invertebrate,70,F,NA,NA,NA,CRABRR.17,HETA.17
2017,HETA,A,8/10/2017,20170810,1105,8/11/2017,20170811,1300,26.92,minnow,3,Copper rockfish,Sebastes caurinus,ROCKCOP,fish,NA,NA,168,NA,NA,ROCKCOP.17,HETA.17
2017,NFEI,A,5/10/2017,20170510,1045,5/11/2017,20170511,1045,24,minnow,1,Red rock crab,Cancer productus,CRABRR,invertebrate,138,M,NA,NA,NA,CRABRR.17,NFEI.17
2017,NFEI,A,5/10/2017,20170510,1045,5/11/2017,20170511,1045,24,minnow,1,Red rock crab,Cancer productus,CRABRR,invertebrate,128,M,NA,NA,NA,CRABRR.17,NFEI.17
2017,NFEI,A,5/10/2017,20170510,1045,5/11/2017,20170511,1045,24,minnow,1,Red rock crab,Cancer productus,CRABRR,invertebrate,132,M,NA,NA,NA,CRABRR.17,NFEI.17
2017,NFEI,A,5/10/2017,20170510,1045,5/11/2017,20170511,1045,24,minnow,1,Red rock crab,Cancer productus,CRABRR,invertebrate,156,M,NA,NA,NA,CRABRR.17,NFEI.17
2017,NFEI,A,5/10/2017,20170510,1045,5/11/2017,20170511,1045,24,minnow,1,Red rock crab,Cancer productus,CRABRR,invertebrate,112,F,NA,NA,NA,CRABRR.17,NFEI.17
2017,NFEI,A,5/10/2017,20170510,1045,5/11/2017,20170511,1045,24,minnow,1,Helmet crab,Telmessus cheiragonus,CRABHEL,invertebrate,31,M,NA,NA,NA,CRABHEL.17,NFEI.17
2017,NFEI,A,5/10/2017,20170510,1045,5/11/2017,20170511,1045,24,minnow,1,Pacific staghorn sculpin,Leptocottus armatus,SCULPSTG,fish,NA,NA,300,NA,NA,SCULPSTG.17,NFEI.17
2017,NFEI,A,5/10/2017,20170510,1045,5/11/2017,20170511,1045,24,minnow,1,Pacific staghorn sculpin,Leptocottus armatus,SCULPSTG,fish,NA,NA,239,NA,NA,SCULPSTG.17,NFEI.17
2017,NFEI,A,5/10/2017,20170510,1045,5/11/2017,20170511,1045,24,minnow,2,Pacific staghorn sculpin,Leptocottus armatus,SCULPSTG,fish,NA,NA,315,NA,NA,SCULPSTG.17,NFEI.17
2017,NFEI,A,5/10/2017,20170510,1045,5/11/2017,20170511,1045,24,minnow,2,Red rock crab,Cancer productus,CRABRR,invertebrate,130,M,NA,NA,NA,CRABRR.17,NFEI.17
2017,NFEI,A,5/10/2017,20170510,1045,5/11/2017,20170511,1045,24,minnow,2,Red rock crab,Cancer productus,CRABRR,invertebrate,140,M,NA,NA,NA,CRABRR.17,NFEI.17
2017,NFEI,A,5/10/2017,20170510,1045,5/11/2017,20170511,1045,24,minnow,2,Red rock crab,Cancer productus,CRABRR,invertebrate,138,M,NA,NA,NA,CRABRR.17,NFEI.17
2017,NFEI,A,5/10/2017,20170510,1045,5/11/2017,20170511,1045,24,minnow,2,Red rock crab,Cancer productus,CRABRR,invertebrate,119,M,NA,NA,NA,CRABRR.17,NFEI.17
2017,NFEI,A,5/10/2017,20170510,1045,5/11/2017,20170511,1045,24,minnow,2,Red rock crab,Cancer productus,CRABRR,invertebrate,130,M,NA,NA,NA,CRABRR.17,NFEI.17
2017,NFEI,A,5/10/2017,20170510,1045,5/11/2017,20170511,1045,24,minnow,2,Red rock crab,Cancer productus,CRABRR,invertebrate,120,M,NA,NA,NA,CRABRR.17,NFEI.17
2017,NFEI,A,5/10/2017,20170510,1045,5/11/2017,20170511,1045,24,minnow,2,Red rock crab,Cancer productus,CRABRR,invertebrate,110,M,NA,NA,NA,CRABRR.17,NFEI.17
2017,NFEI,A,5/10/2017,20170510,1045,5/11/2017,20170511,1045,24,minnow,2,Red rock crab,Cancer productus,CRABRR,invertebrate,102,M,NA,NA,NA,CRABRR.17,NFEI.17
2017,NFEI,A,5/10/2017,20170510,1045,5/11/2017,20170511,1045,24,minnow,3,Red rock crab,Cancer productus,CRABRR,invertebrate,138,M,NA,NA,NA,CRABRR.17,NFEI.17
2017,NFEI,A,5/10/2017,20170510,1045,5/11/2017,20170511,1045,24,minnow,3,Red rock crab,Cancer productus,CRABRR,invertebrate,118,M,NA,NA,NA,CRABRR.17,NFEI.17
2017,NFEI,A,5/10/2017,20170510,1045,5/11/2017,20170511,1045,24,minnow,3,Red rock crab,Cancer productus,CRABRR,invertebrate,126,M,NA,NA,NA,CRABRR.17,NFEI.17
2017,NFEI,A,5/10/2017,20170510,1045,5/11/2017,20170511,1045,24,minnow,3,Red rock crab,Cancer productus,CRABRR,invertebrate,110,M,NA,NA,NA,CRABRR.17,NFEI.17
2017,NFEI,A,5/10/2017,20170510,1045,5/11/2017,20170511,1045,24,minnow,3,Red rock crab,Cancer productus,CRABRR,invertebrate,114,M,NA,NA,NA,CRABRR.17,NFEI.17
2017,NFEI,A,5/10/2017,20170510,1045,5/11/2017,20170511,1045,24,minnow,3,Red rock crab,Cancer productus,CRABRR,invertebrate,118,M,NA,NA,NA,CRABRR.17,NFEI.17
2017,NFEI,A,5/10/2017,20170510,1045,5/11/2017,20170511,1045,24,minnow,3,Red rock crab,Cancer productus,CRABRR,invertebrate,130,M,NA,NA,NA,CRABRR.17,NFEI.17
2017,NFEI,A,5/10/2017,20170510,1045,5/11/2017,20170511,1045,24,minnow,3,Red rock crab,Cancer productus,CRABRR,invertebrate,104,M,NA,NA,NA,CRABRR.17,NFEI.17
2017,NFEI,A,5/10/2017,20170510,1045,5/11/2017,20170511,1045,24,minnow,3,Pacific staghorn sculpin,Leptocottus armatus,SCULPSTG,fish,NA,NA,333,NA,NA,SCULPSTG.17,NFEI.17
2017,NFEI,A,5/10/2017,20170510,1045,5/11/2017,20170511,1045,24,shrimp,3,Red rock crab,Cancer productus,CRABRR,invertebrate,118,M,NA,NA,NA,CRABRR.17,NFEI.17
2017,NFEI,A,5/10/2017,20170510,1045,5/11/2017,20170511,1045,24,shrimp,3,Red rock crab,Cancer productus,CRABRR,invertebrate,110,M,NA,NA,NA,CRABRR.17,NFEI.17
2017,SFEI,A,5/24/2017,20170524,1120,5/25/2017,20170525,1010,23.83,minnow,1,Pacific staghorn sculpin,Leptocottus armatus,SCULPSTG,fish,NA,NA,234,NA,NA,SCULPSTG.17,SFEI.17
2017,SFEI,A,5/24/2017,20170524,1120,5/25/2017,20170525,1010,23.83,minnow,2,Pacific staghorn sculpin,Leptocottus armatus,SCULPSTG,fish,NA,NA,277,NA,NA,SCULPSTG.17,SFEI.17
2017,SFEI,A,5/24/2017,20170524,1120,5/25/2017,20170525,1010,23.83,minnow,3,Pacific staghorn sculpin,Leptocottus armatus,SCULPSTG,fish,NA,NA,251,NA,NA,SCULPSTG.17,SFEI.17
2017,SFEI,A,5/24/2017,20170524,1120,5/25/2017,20170525,1010,23.83,minnow,3,Pacific staghorn sculpin,Leptocottus armatus,SCULPSTG,fish,NA,NA,235,NA,NA,SCULPSTG.17,SFEI.17
2017,SFEI,A,5/24/2017,20170524,1120,5/25/2017,20170525,1010,23.83,shrimp,3,Decorator crab,Oregonia gracilis,CRABDEC,invertebrate,23,U,NA,NA,NA,CRABDEC.17,SFEI.17
2017,SWAD,A,6/20/2017,20170620,1202,6/21/2017,20170621,1205,24.05,minnow,1,Red rock crab,Cancer productus,CRABRR,invertebrate,83,F,NA,NA,NA,CRABRR.17,SWAD.17
2017,SWAD,A,6/20/2017,20170620,1202,6/21/2017,20170621,1205,24.05,minnow,1,Red rock crab,Cancer productus,CRABRR,invertebrate,87,F,NA,NA,NA,CRABRR.17,SWAD.17
2017,SWAD,A,6/20/2017,20170620,1202,6/21/2017,20170621,1205,24.05,minnow,1,Red rock crab,Cancer productus,CRABRR,invertebrate,120,M,NA,NA,NA,CRABRR.17,SWAD.17
2017,SWAD,A,6/20/2017,20170620,1202,6/21/2017,20170621,1205,24.05,minnow,1,Red rock crab,Cancer productus,CRABRR,invertebrate,90,F,NA,NA,NA,CRABRR.17,SWAD.17
2017,SWAD,A,6/20/2017,20170620,1202,6/21/2017,20170621,1205,24.05,minnow,1,Pacific staghorn sculpin,Leptocottus armatus,SCULPSTG,fish,NA,NA,250,NA,NA,SCULPSTG.17,SWAD.17
2017,SWAD,A,6/20/2017,20170620,1202,6/21/2017,20170621,1205,24.05,minnow,1,Pacific staghorn sculpin,Leptocottus armatus,SCULPSTG,fish,NA,NA,245,NA,NA,SCULPSTG.17,SWAD.17
2017,SWAD,A,6/20/2017,20170620,1202,6/21/2017,20170621,1205,24.05,minnow,1,Pacific staghorn sculpin,Leptocottus armatus,SCULPSTG,fish,NA,NA,240,NA,NA,SCULPSTG.17,SWAD.17
2017,SWAD,A,6/20/2017,20170620,1202,6/21/2017,20170621,1205,24.05,minnow,1,Pacific staghorn sculpin,Leptocottus armatus,SCULPSTG,fish,NA,NA,224,NA,NA,SCULPSTG.17,SWAD.17
2017,SWAD,A,6/20/2017,20170620,1202,6/21/2017,20170621,1205,24.05,shrimp,1,Red rock crab,Cancer productus,CRABRR,invertebrate,111,F,NA,NA,NA,CRABRR.17,SWAD.17
2017,SWAD,A,6/20/2017,20170620,1202,6/21/2017,20170621,1205,24.05,shrimp,1,Pacific staghorn sculpin,Leptocottus armatus,SCULPSTG,fish,NA,NA,232,NA,NA,SCULPSTG.17,SWAD.17
2017,SWAD,A,6/20/2017,20170620,1202,6/21/2017,20170621,1205,24.05,minnow,2,Red rock crab,Cancer productus,CRABRR,invertebrate,131,M,NA,NA,NA,CRABRR.17,SWAD.17
2017,SWAD,A,6/20/2017,20170620,1202,6/21/2017,20170621,1205,24.05,minnow,2,Red rock crab,Cancer productus,CRABRR,invertebrate,74,F,NA,NA,NA,CRABRR.17,SWAD.17
2017,SWAD,A,6/20/2017,20170620,1202,6/21/2017,20170621,1205,24.05,minnow,2,Red rock crab,Cancer productus,CRABRR,invertebrate,101,M,NA,NA,NA,CRABRR.17,SWAD.17
2017,SWAD,A,6/20/2017,20170620,1202,6/21/2017,20170621,1205,24.05,minnow,2,Red rock crab,Cancer productus,CRABRR,invertebrate,96,F,NA,NA,NA,CRABRR.17,SWAD.17
2017,SWAD,A,6/20/2017,20170620,1202,6/21/2017,20170621,1205,24.05,minnow,2,Metacarcinus spp.,Metacarcinus spp.,CRABMET,invertebrate,95,M,NA,NA,NA,CRABMET.17,SWAD.17
2017,SWAD,A,6/20/2017,20170620,1202,6/21/2017,20170621,1205,24.05,minnow,2,Great sculpin,Myoxocephalus polyacanthocephalus,SCULGRT,fish,NA,NA,381,NA,NA,SCULGRT.17,SWAD.17
2017,SWAD,A,6/20/2017,20170620,1202,6/21/2017,20170621,1205,24.05,minnow,2,Pacific staghorn sculpin,Leptocottus armatus,SCULPSTG,fish,NA,NA,233,NA,NA,SCULPSTG.17,SWAD.17
2017,SWAD,A,6/20/2017,20170620,1202,6/21/2017,20170621,1205,24.05,shrimp,2,Red rock crab,Cancer productus,CRABRR,invertebrate,112,M,NA,NA,NA,CRABRR.17,SWAD.17
2017,SWAD,A,6/20/2017,20170620,1202,6/21/2017,20170621,1205,24.05,minnow,3,Helmet crab,Telmessus cheiragonus,CRABHEL,invertebrate,68,M,NA,NA,NA,CRABHEL.17,SWAD.17
2017,SWAD,A,6/20/2017,20170620,1202,6/21/2017,20170621,1205,24.05,minnow,3,Helmet crab,Telmessus cheiragonus,CRABHEL,invertebrate,64,F,NA,NA,NA,CRABHEL.17,SWAD.17
2017,SWAD,A,6/20/2017,20170620,1202,6/21/2017,20170621,1205,24.05,minnow,3,Metacarcinus spp.,Metacarcinus spp.,CRABMET,invertebrate,73,F,NA,NA,NA,CRABMET.17,SWAD.17
2017,SWAD,A,6/20/2017,20170620,1202,6/21/2017,20170621,1205,24.05,minnow,3,Pacific staghorn sculpin,Leptocottus armatus,SCULPSTG,fish,NA,NA,216,NA,NA,SCULPSTG.17,SWAD.17
2017,SWAD,A,6/20/2017,20170620,1202,6/21/2017,20170621,1205,24.05,minnow,3,Pacific staghorn sculpin,Leptocottus armatus,SCULPSTG,fish,NA,NA,258,NA,NA,SCULPSTG.17,SWAD.17
2017,SWAD,A,6/20/2017,20170620,1202,6/21/2017,20170621,1205,24.05,minnow,3,Pacific staghorn sculpin,Leptocottus armatus,SCULPSTG,fish,NA,NA,240,NA,NA,SCULPSTG.17,SWAD.17
2017,SWAD,A,6/20/2017,20170620,1202,6/21/2017,20170621,1205,24.05,minnow,3,Pacific staghorn sculpin,Leptocottus armatus,SCULPSTG,fish,NA,NA,210,NA,NA,SCULPSTG.17,SWAD.17
2017,SHIN,A,6/20/2017,20170620,1258,6/21/2017,20170621,1258,24,minnow,1,Pacific staghorn sculpin,Leptocottus armatus,SCULPSTG,fish,NA,NA,224,NA,NA,SCULPSTG.17,SHIN.17
2017,SHIN,A,6/20/2017,20170620,1258,6/21/2017,20170621,1258,24,minnow,1,Pacific staghorn sculpin,Leptocottus armatus,SCULPSTG,fish,NA,NA,222,NA,NA,SCULPSTG.17,SHIN.17
2017,SHIN,A,6/20/2017,20170620,1258,6/21/2017,20170621,1258,24,minnow,1,Pacific staghorn sculpin,Leptocottus armatus,SCULPSTG,fish,NA,NA,210,NA,NA,SCULPSTG.17,SHIN.17
2017,SHIN,A,6/20/2017,20170620,1258,6/21/2017,20170621,1258,24,shrimp,1,Metacarcinus spp.,Metacarcinus spp.,CRABMET,invertebrate,59,F,NA,NA,NA,CRABMET.17,SHIN.17
2017,SHIN,A,6/20/2017,20170620,1258,6/21/2017,20170621,1258,24,minnow,2,Butter sole,Isopsetta isolepis,SOLEBUT,fish,NA,NA,312,NA,NA,SOLEBUT.17,SHIN.17
2017,SHIN,A,6/20/2017,20170620,1258,6/21/2017,20170621,1258,24,minnow,2,Pacific staghorn sculpin,Leptocottus armatus,SCULPSTG,fish,NA,NA,160,NA,NA,SCULPSTG.17,SHIN.17
2017,SHIN,A,6/20/2017,20170620,1258,6/21/2017,20170621,1258,24,minnow,2,Pacific staghorn sculpin,Leptocottus armatus,SCULPSTG,fish,NA,NA,130,NA,NA,SCULPSTG.17,SHIN.17
2017,SHIN,A,6/20/2017,20170620,1258,6/21/2017,20170621,1258,24,minnow,2,Pacific staghorn sculpin,Leptocottus armatus,SCULPSTG,fish,NA,NA,158,NA,NA,SCULPSTG.17,SHIN.17
2017,SHIN,A,6/20/2017,20170620,1258,6/21/2017,20170621,1258,24,minnow,2,Pacific staghorn sculpin,Leptocottus armatus,SCULPSTG,fish,NA,NA,170,NA,NA,SCULPSTG.17,SHIN.17
2017,SHIN,A,6/20/2017,20170620,1258,6/21/2017,20170621,1258,24,minnow,2,Pacific staghorn sculpin,Leptocottus armatus,SCULPSTG,fish,NA,NA,263,NA,NA,SCULPSTG.17,SHIN.17
2017,SHIN,A,6/20/2017,20170620,1258,6/21/2017,20170621,1258,24,minnow,2,Pacific staghorn sculpin,Leptocottus armatus,SCULPSTG,fish,NA,NA,197,NA,NA,SCULPSTG.17,SHIN.17
2017,SHIN,A,6/20/2017,20170620,1258,6/21/2017,20170621,1258,24,minnow,3,Metacarcinus spp.,Metacarcinus spp.,CRABMET,invertebrate,65,M,NA,NA,NA,CRABMET.17,SHIN.17
2017,SHIN,A,6/20/2017,20170620,1258,6/21/2017,20170621,1258,24,minnow,3,Metacarcinus spp.,Metacarcinus spp.,CRABMET,invertebrate,89,M,NA,NA,NA,CRABMET.17,SHIN.17
2017,SHIN,A,6/20/2017,20170620,1258,6/21/2017,20170621,1258,24,minnow,3,Metacarcinus spp.,Metacarcinus spp.,CRABMET,invertebrate,71,M,NA,NA,NA,CRABMET.17,SHIN.17
2017,SHIN,A,6/20/2017,20170620,1258,6/21/2017,20170621,1258,24,minnow,3,Helmet crab,Telmessus cheiragonus,CRABHEL,invertebrate,76,F,NA,NA,NA,CRABHEL.17,SHIN.17
2017,SHIN,A,6/20/2017,20170620,1258,6/21/2017,20170621,1258,24,minnow,3,Pacific staghorn sculpin,Leptocottus armatus,SCULPSTG,fish,NA,NA,180,NA,NA,SCULPSTG.17,SHIN.17
2017,SHIN,A,6/20/2017,20170620,1258,6/21/2017,20170621,1258,24,shrimp,3,Metacarcinus spp.,Metacarcinus spp.,CRABMET,invertebrate,58,M,NA,NA,NA,CRABMET.17,SHIN.17
2017,TROC,A,8/6/2017,20170806,1343,8/7/2017,20170807,1000,20.28,minnow,1,Metacarcinus spp.,Metacarcinus spp.,CRABMET,invertebrate,60,M,NA,NA,NA,CRABMET.17,TROC.17
2017,TROC,A,8/6/2017,20170806,1343,8/7/2017,20170807,1000,20.28,minnow,1,Red rock crab,Cancer productus,CRABRR,invertebrate,65,F,NA,NA,NA,CRABRR.17,TROC.17
2017,TROC,A,8/6/2017,20170806,1343,8/7/2017,20170807,1000,20.28,minnow,1,Pacific staghorn sculpin,Leptocottus armatus,SCULPSTG,fish,NA,NA,285,NA,NA,SCULPSTG.17,TROC.17
2017,TROC,A,8/6/2017,20170806,1343,8/7/2017,20170807,1000,20.28,minnow,1,Pacific staghorn sculpin,Leptocottus armatus,SCULPSTG,fish,NA,NA,216,NA,NA,SCULPSTG.17,TROC.17
2017,TROC,A,8/6/2017,20170806,1343,8/7/2017,20170807,1000,20.28,minnow,1,Pacific staghorn sculpin,Leptocottus armatus,SCULPSTG,fish,NA,NA,244,NA,NA,SCULPSTG.17,TROC.17
2017,TROC,A,8/6/2017,20170806,1343,8/7/2017,20170807,1000,20.28,minnow,1,Pacific staghorn sculpin,Leptocottus armatus,SCULPSTG,fish,NA,NA,225,NA,NA,SCULPSTG.17,TROC.17
2017,TROC,A,8/6/2017,20170806,1343,8/7/2017,20170807,1000,20.28,minnow,1,Pacific staghorn sculpin,Leptocottus armatus,SCULPSTG,fish,NA,NA,201,NA,NA,SCULPSTG.17,TROC.17
2017,TROC,A,8/6/2017,20170806,1343,8/7/2017,20170807,1000,20.28,minnow,1,Pacific staghorn sculpin,Leptocottus armatus,SCULPSTG,fish,NA,NA,202,NA,NA,SCULPSTG.17,TROC.17
2017,TROC,A,8/6/2017,20170806,1343,8/7/2017,20170807,1000,20.28,minnow,1,Pacific staghorn sculpin,Leptocottus armatus,SCULPSTG,fish,NA,NA,214,NA,NA,SCULPSTG.17,TROC.17
2017,TROC,A,8/6/2017,20170806,1343,8/7/2017,20170807,1000,20.28,minnow,1,Pacific staghorn sculpin,Leptocottus armatus,SCULPSTG,fish,NA,NA,203,NA,NA,SCULPSTG.17,TROC.17
2017,TROC,A,8/6/2017,20170806,1343,8/7/2017,20170807,1000,20.28,minnow,1,Pacific staghorn sculpin,Leptocottus armatus,SCULPSTG,fish,NA,NA,230,NA,NA,SCULPSTG.17,TROC.17
2017,TROC,A,8/6/2017,20170806,1343,8/7/2017,20170807,1000,20.28,minnow,1,Pacific staghorn sculpin,Leptocottus armatus,SCULPSTG,fish,NA,NA,177,NA,NA,SCULPSTG.17,TROC.17
2017,TROC,A,8/6/2017,20170806,1343,8/7/2017,20170807,1000,20.28,minnow,1,Pacific staghorn sculpin,Leptocottus armatus,SCULPSTG,fish,NA,NA,231,NA,NA,SCULPSTG.17,TROC.17
2017,TROC,A,8/6/2017,20170806,1343,8/7/2017,20170807,1000,20.28,minnow,1,Pacific staghorn sculpin,Leptocottus armatus,SCULPSTG,fish,NA,NA,269,NA,NA,SCULPSTG.17,TROC.17
2017,TROC,A,8/6/2017,20170806,1343,8/7/2017,20170807,1000,20.28,minnow,1,Pacific staghorn sculpin,Leptocottus armatus,SCULPSTG,fish,NA,NA,240,NA,NA,SCULPSTG.17,TROC.17
2017,TROC,A,8/6/2017,20170806,1343,8/7/2017,20170807,1000,20.28,minnow,1,Pacific staghorn sculpin,Leptocottus armatus,SCULPSTG,fish,NA,NA,197,NA,NA,SCULPSTG.17,TROC.17
2017,TROC,A,8/6/2017,20170806,1343,8/7/2017,20170807,1000,20.28,minnow,1,Pacific staghorn sculpin,Leptocottus armatus,SCULPSTG,fish,NA,NA,262,NA,NA,SCULPSTG.17,TROC.17
2017,TROC,A,8/6/2017,20170806,1343,8/7/2017,20170807,1000,20.28,minnow,1,Pacific staghorn sculpin,Leptocottus armatus,SCULPSTG,fish,NA,NA,189,NA,NA,SCULPSTG.17,TROC.17
2017,TROC,A,8/6/2017,20170806,1343,8/7/2017,20170807,1000,20.28,shrimp,1,Metacarcinus spp.,Metacarcinus spp.,CRABMET,invertebrate,69,M,NA,NA,NA,CRABMET.17,TROC.17
2017,TROC,A,8/6/2017,20170806,1343,8/7/2017,20170807,1000,20.28,minnow,2,Red rock crab,Cancer productus,CRABRR,invertebrate,96,F,NA,NA,NA,CRABRR.17,TROC.17
2017,TROC,A,8/6/2017,20170806,1343,8/7/2017,20170807,1000,20.28,shrimp,2,Red rock crab,Cancer productus,CRABRR,invertebrate,95,F,NA,NA,NA,CRABRR.17,TROC.17
2017,TROC,A,8/6/2017,20170806,1343,8/7/2017,20170807,1000,20.28,shrimp,2,Red rock crab,Cancer productus,CRABRR,invertebrate,106,F,NA,NA,NA,CRABRR.17,TROC.17
2017,TROC,A,8/6/2017,20170806,1343,8/7/2017,20170807,1000,20.28,shrimp,2,Red rock crab,Cancer productus,CRABRR,invertebrate,106,F,NA,NA,NA,CRABRR.17,TROC.17
2017,TROC,A,8/6/2017,20170806,1343,8/7/2017,20170807,1000,20.28,shrimp,3,Red rock crab,Cancer productus,CRABRR,invertebrate,107,F,NA,NA,NA,CRABRR.17,TROC.17
2017,GARC,A,8/6/2017,20170806,1000,8/7/2017,20170807,1203,26.05,minnow,1,Spiny dogfish,Squalus acanthias,DOGFISH,fish,NA,M,700,NA,NA,DOGFISH.17,GARC.17
2017,GARC,A,8/6/2017,20170806,1000,8/7/2017,20170807,1203,26.05,minnow,1,Metacarcinus spp.,Metacarcinus spp.,CRABMET,invertebrate,40,F,NA,NA,NA,CRABMET.17,GARC.17
2017,GARC,A,8/6/2017,20170806,1000,8/7/2017,20170807,1203,26.05,shrimp,1,Metacarcinus spp.,Metacarcinus spp.,CRABMET,invertebrate,61,M,NA,NA,NA,CRABMET.17,GARC.17
2017,GARC,A,8/6/2017,20170806,1000,8/7/2017,20170807,1203,26.05,shrimp,1,Metacarcinus spp.,Metacarcinus spp.,CRABMET,invertebrate,62,M,NA,NA,NA,CRABMET.17,GARC.17
2017,GARC,A,8/6/2017,20170806,1000,8/7/2017,20170807,1203,26.05,minnow,2,Pacific staghorn sculpin,Leptocottus armatus,SCULPSTG,fish,NA,NA,113,NA,NA,SCULPSTG.17,GARC.17
2017,GARC,A,8/6/2017,20170806,1000,8/7/2017,20170807,1203,26.05,minnow,2,Metacarcinus spp.,Metacarcinus spp.,CRABMET,invertebrate,41,F,NA,NA,NA,CRABMET.17,GARC.17
2017,GARC,A,8/6/2017,20170806,1000,8/7/2017,20170807,1203,26.05,shrimp,2,Metacarcinus spp.,Metacarcinus spp.,CRABMET,invertebrate,70,M,NA,NA,NA,CRABMET.17,GARC.17
2017,GARC,A,8/6/2017,20170806,1000,8/7/2017,20170807,1203,26.05,shrimp,2,Metacarcinus spp.,Metacarcinus spp.,CRABMET,invertebrate,55,M,NA,NA,NA,CRABMET.17,GARC.17
2017,GARC,A,8/6/2017,20170806,1000,8/7/2017,20170807,1203,26.05,shrimp,2,Metacarcinus spp.,Metacarcinus spp.,CRABMET,invertebrate,46,F,NA,NA,NA,CRABMET.17,GARC.17
2017,GARC,A,8/6/2017,20170806,1000,8/7/2017,20170807,1203,26.05,minnow,3,Pacific staghorn sculpin,Leptocottus armatus,SCULPSTG,fish,NA,NA,320,NA,NA,SCULPSTG.17,GARC.17
2017,GARC,A,8/6/2017,20170806,1000,8/7/2017,20170807,1203,26.05,minnow,3,Juvenile Irish lord,Hemilepidotus spp.,UNLORD,fish,NA,NA,158,NA,NA,UNLORD.17,GARC.17
2017,GARC,A,8/6/2017,20170806,1000,8/7/2017,20170807,1203,26.05,minnow,3,Metacarcinus spp.,Metacarcinus spp.,CRABMET,invertebrate,66,M,NA,NA,NA,CRABMET.17,GARC.17
2017,GARC,A,8/6/2017,20170806,1000,8/7/2017,20170807,1203,26.05,minnow,3,Metacarcinus spp.,Metacarcinus spp.,CRABMET,invertebrate,77,M,NA,NA,NA,CRABMET.17,GARC.17
2017,GARC,A,8/6/2017,20170806,1000,8/7/2017,20170807,1203,26.05,minnow,3,Metacarcinus spp.,Metacarcinus spp.,CRABMET,invertebrate,69,M,NA,NA,NA,CRABMET.17,GARC.17
2017,GARC,A,8/6/2017,20170806,1000,8/7/2017,20170807,1203,26.05,minnow,3,Metacarcinus spp.,Metacarcinus spp.,CRABMET,invertebrate,57,F,NA,NA,NA,CRABMET.17,GARC.17
2017,GARC,A,8/6/2017,20170806,1000,8/7/2017,20170807,1203,26.05,minnow,3,Red rock crab,Cancer productus,CRABRR,invertebrate,64,F,NA,NA,NA,CRABRR.17,GARC.17
2017,GARC,A,8/6/2017,20170806,1000,8/7/2017,20170807,1203,26.05,shrimp,3,unidentified shrimp,Decapoda spp.,UNSHRM,invertebrate,NA,NA,NA,102,NA,UNSHRM.17,GARC.17
2017,GARC,A,8/6/2017,20170806,1000,8/7/2017,20170807,1203,26.05,shrimp,3,Helmet crab,Telmessus cheiragonus,CRABHEL,invertebrate,45,M,NA,NA,NA,CRABHEL.17,GARC.17
2017,REFU,A,8/12/2017,20170812,1226,8/13/2017,20170813,1250,24.4,minnow,1,unidentified shrimp,Decapoda spp.,UNSHRM,invertebrate,NA,NA,NA,1,NA,UNSHRM.17,REFU.17
2017,REFU,A,8/12/2017,20170812,1226,8/13/2017,20170813,1250,24.4,minnow,1,Metacarcinus spp.,Metacarcinus spp.,CRABMET,invertebrate,66,M,NA,NA,NA,CRABMET.17,REFU.17
2017,REFU,A,8/12/2017,20170812,1226,8/13/2017,20170813,1250,24.4,minnow,1,Metacarcinus spp.,Metacarcinus spp.,CRABMET,invertebrate,73,M,NA,NA,NA,CRABMET.17,REFU.17
2017,REFU,A,8/12/2017,20170812,1226,8/13/2017,20170813,1250,24.4,minnow,1,Metacarcinus spp.,Metacarcinus spp.,CRABMET,invertebrate,64,F,NA,NA,NA,CRABMET.17,REFU.17
2017,REFU,A,8/12/2017,20170812,1226,8/13/2017,20170813,1250,24.4,minnow,1,Metacarcinus spp.,Metacarcinus spp.,CRABMET,invertebrate,99,M,NA,NA,NA,CRABMET.17,REFU.17
2017,REFU,A,8/12/2017,20170812,1226,8/13/2017,20170813,1250,24.4,minnow,1,Metacarcinus spp.,Metacarcinus spp.,CRABMET,invertebrate,80,M,NA,NA,NA,CRABMET.17,REFU.17
2017,REFU,A,8/12/2017,20170812,1226,8/13/2017,20170813,1250,24.4,minnow,1,Metacarcinus spp.,Metacarcinus spp.,CRABMET,invertebrate,61,F,NA,NA,NA,CRABMET.17,REFU.17
2017,REFU,A,8/12/2017,20170812,1226,8/13/2017,20170813,1250,24.4,minnow,1,Metacarcinus spp.,Metacarcinus spp.,CRABMET,invertebrate,73,M,NA,NA,NA,CRABMET.17,REFU.17
2017,REFU,A,8/12/2017,20170812,1226,8/13/2017,20170813,1250,24.4,shrimp,1,unidentified shrimp,Decapoda spp.,UNSHRM,invertebrate,NA,NA,NA,10,NA,UNSHRM.17,REFU.17
2017,REFU,A,8/12/2017,20170812,1226,8/13/2017,20170813,1250,24.4,shrimp,1,Helmet crab,Telmessus cheiragonus,CRABHEL,invertebrate,42,M,NA,NA,NA,CRABHEL.17,REFU.17
2017,REFU,A,8/12/2017,20170812,1226,8/13/2017,20170813,1250,24.4,minnow,2,Metacarcinus spp.,Metacarcinus spp.,CRABMET,invertebrate,155,M,NA,NA,NA,CRABMET.17,REFU.17
2017,REFU,A,8/12/2017,20170812,1226,8/13/2017,20170813,1250,24.4,minnow,2,Metacarcinus spp.,Metacarcinus spp.,CRABMET,invertebrate,70,M,NA,NA,NA,CRABMET.17,REFU.17
2017,REFU,A,8/12/2017,20170812,1226,8/13/2017,20170813,1250,24.4,minnow,2,Metacarcinus spp.,Metacarcinus spp.,CRABMET,invertebrate,49,F,NA,NA,NA,CRABMET.17,REFU.17
2017,REFU,A,8/12/2017,20170812,1226,8/13/2017,20170813,1250,24.4,minnow,2,Metacarcinus spp.,Metacarcinus spp.,CRABMET,invertebrate,81,U,NA,NA,dead,CRABMET.17,REFU.17
2017,REFU,A,8/12/2017,20170812,1226,8/13/2017,20170813,1250,24.4,minnow,2,Red rock crab,Cancer productus,CRABRR,invertebrate,121,F,NA,NA,NA,CRABRR.17,REFU.17
2017,REFU,A,8/12/2017,20170812,1226,8/13/2017,20170813,1250,24.4,minnow,2,Pacific staghorn sculpin,Leptocottus armatus,SCULPSTG,fish,NA,NA,265,NA,NA,SCULPSTG.17,REFU.17
2017,REFU,A,8/12/2017,20170812,1226,8/13/2017,20170813,1250,24.4,minnow,2,Pacific staghorn sculpin,Leptocottus armatus,SCULPSTG,fish,NA,NA,296,NA,NA,SCULPSTG.17,REFU.17
2017,REFU,A,8/12/2017,20170812,1226,8/13/2017,20170813,1250,24.4,minnow,2,Pacific staghorn sculpin,Leptocottus armatus,SCULPSTG,fish,NA,NA,221,NA,NA,SCULPSTG.17,REFU.17
2017,REFU,A,8/12/2017,20170812,1226,8/13/2017,20170813,1250,24.4,shrimp,2,Metacarcinus spp.,Metacarcinus spp.,CRABMET,invertebrate,83,M,NA,NA,NA,CRABMET.17,REFU.17
2017,REFU,A,8/12/2017,20170812,1226,8/13/2017,20170813,1250,24.4,shrimp,2,Metacarcinus spp.,Metacarcinus spp.,CRABMET,invertebrate,71,F,NA,NA,NA,CRABMET.17,REFU.17
2017,REFU,A,8/12/2017,20170812,1226,8/13/2017,20170813,1250,24.4,shrimp,2,Metacarcinus spp.,Metacarcinus spp.,CRABMET,invertebrate,94,M,NA,NA,NA,CRABMET.17,REFU.17
2017,REFU,A,8/12/2017,20170812,1226,8/13/2017,20170813,1250,24.4,shrimp,2,unidentified shrimp,Decapoda spp.,UNSHRM,invertebrate,NA,NA,NA,4,NA,UNSHRM.17,REFU.17
2017,REFU,A,8/12/2017,20170812,1226,8/13/2017,20170813,1250,24.4,minnow,3,unidentified shrimp,Decapoda spp.,UNSHRM,invertebrate,NA,NA,NA,3,NA,UNSHRM.17,REFU.17
2017,REFU,A,8/12/2017,20170812,1226,8/13/2017,20170813,1250,24.4,minnow,3,Helmet crab,Telmessus cheiragonus,CRABHEL,invertebrate,40,M,NA,NA,NA,CRABHEL.17,REFU.17
2017,REFU,A,8/12/2017,20170812,1226,8/13/2017,20170813,1250,24.4,minnow,3,Pacific staghorn sculpin,Leptocottus armatus,SCULPSTG,fish,NA,NA,223,NA,NA,SCULPSTG.17,REFU.17
